,Name,Country,Age,Height
0,Xuenian FU,CHN,60, -
1,Yongfeng WANG,CHN,60, -
2,Jiaxuan HUANG,CHN,21, -
3,Lijie ZHANG,CHN,33, -
4,Roman KRAJNIK,CHN,48, -
5,Cheng YU,CHN,32, -
6,Hongduan TAN,CHN,31, -
7,Rongqi LIANG,CHN,30, -
8,Nima SANGZHU,CHN,24, -
9,Yuetong ZHANG,CHN,21, 160
10,Haimei QIU,CHN,25, -
11,Matthew David JONES,CHN,34, -
12,Jaha KIM,CHN,40, -
13,Yuxu LI,CHN,27, -
14,Lijuan DENG,CHN,24, -
15,Xueban YANG,CHN,26, -
16,Shu XIA,CHN,43, -
17,Deqing ZHAO,CHN,29, -
18,Lingzhi ZHANG,CHN,30, -
19,Mengdie YANG,CHN,27, -
20,Jian XIAO,CHN,25, -
21,Jiaoling WANG,CHN,27, -
22,Zeyi SUN,CHN,28, -
23,Xiaoshan PAN,CHN,29, -
24,Kaixin LIANG,CHN,28, -
25,Rumei WANG,CHN,28, -
26,Pengfei LI,CHN,29, -
27,Guishan REN,CHN,27, -
28,Yangfang SHI,CHN,20, -
29,Evgenii VAITSEKHOVSKII,CHN,38, -
30,Helen DANCO,GER,21, -
31,Boris CUJIC,CRO,62, -
32,Ivan LISICA,CRO,42, -
33,Luka KIVELA,CRO,38, -
34,Luka TRUMBIC,CRO,32, -
35,Krešimir MORIĆ,CRO,41, -
36,Nikola KRAMARIC,CRO,29, -
37,Borna CUJIC,CRO,27, -
38,Ivan PEVEC,CRO,40, -
39,Alan KRIZANIC,CRO,44, -
40,Jani ZORAJ,CRO,22, -
41,Karlo ČUBRIĆ,CRO,23, -
42,Vana PICCINI,CRO,22, -
43,Pia CULJAK,CRO,21, 171
44,Martina FUTIVIĆ,CRO,21, -
45,Filip KURTOVIĆ,CRO,21, -
46,Mikula BAŠIĆ,CRO,22, -
47,Anamaria MAROVIC,CRO,57, -
48,Sinisa HRESTAK,CRO,49, -
49,Tudor EDUARD,CRO,46, -
50,Lucija BRKIĆ,CRO,19, -
51,Lara KMOCH,CRO,20, -
52,Roko ČAČIJA,CRO,19, -
53,Nikola TESIJA,CRO,34, -
54,Marko BRKIĆ,CRO,51, -
55,Niko RIMAC,CRO,20, -
56,Martin MOBRÅTEN,NOR,41, -
57,Stian CHRISTOPHERSEN,NOR,40, -
58,Magnus MIDTBOE,NOR,35, -
59,Hannah MIDTBOE,NOR,34, -
60,Tina Johnsen HAFSAAS,NOR,29, 164
61,Thilo Jeldrik SCHRÖTER,NOR,28, 175
62,Rolf -Martin BJØRNGAARD,NOR,27, -
63,Martinus Hals SKAR,NOR,26, -
64,Lisa-Marie KVANDAHL,NOR,25, -
65,Bergljot HANSEN,NOR,25, -
66,Leo Ketil BØE,NOR,24, -
67,Kristoffer KLEV,NOR,25, -
68,Sunniva Eik HAAVE,NOR,27, -
69,Ingrid Helene AMUNDRUD,NOR,25, -
70,Kenneth ELVEGÅRD,NOR,36, -
71,Jens-Kristian AASMUNDSEN,NOR,23, -
72,Baste ANDESILIC,NOR,24, -
73,Bjørn-Inge HAAVE,NOR,56, -
74,Hauk Steinsson LEM,NOR,23, -
75,Eline NÆSHEIM,NOR,35, -
76,Thor-Henrik KVANDAHL,NOR,55, -
77,Brita AMUNDRUD,NOR,57, -
78,Mie (marie Therese) KASTET,NOR,39, -
79,Nicolas DEJENEFFE,NOR,43, -
80,Stine RAKNES,NOR,24, -
81,Tuva Eik HAAVE,NOR,22, -
82,Christian Phillip ELIASSEN,NOR,24, -
83,Kristian GRIGSON EIAN,NOR,22, -
84,Albert ILSAAS SUTHURST,NOR,22, -
85,Lea SCHMITTHENNER,NOR,22, -
86,Ingrid KINDLIHAGEN,NOR,21, -
87,Eivind KITTELSEN,NOR,24, -
88,Mia Stöver WOLLEBAEK,NOR,23, -
89,Marie Aagaard LAURIDSEN,NOR,24, -
90,Oda Aagaard LAURIDSEN,NOR,22, 178
91,Emma Stöver WOLLEBAEK,NOR,20, -
92,Tobias REIDEL,NOR,21, -
93,Reino HORAK,NOR,64, -
94,Joakim SVEEN,NOR,33, -
95,Patrick PEDERSEN,NOR,27, -
96,Michael SUTHURST,NOR,56, -
97,Örjan RÖDLAND VAAGE,NOR,22, -
98,Sunniva ØVRE-EIDE,NOR,20, -
99,Edel LEMVIK,NOR,20, -
100,Teodor KIRKEBØ,NOR,19, -
101,Siss KLEV,NOR,58, -
102,Arne FARESTVEIT,NOR,22, -
103,Leo CHIBA,FRA,22, -
104,Hans Petter WOLLEBAEK,NOR,53, -
105,Kristoffer Raa DANIELSEN,NOR,19, -
106,Roar OLSEN,NOR,60, -
107,Nora HOVDE,NOR,19, -
108,Julia WINTER,GER,38, -
109,Johanna HOLFELD,GER,24, -
110,Denise BERTRAM,GER,34, -
111,David FIRNENBURG,GER,29, -
112,Ruben FIRNENBURG,GER,27, -
113,Hannah MEUL,GER,23, 167
114,Christian RANGE,GER,24, -
115,Leander CARMANNS,GER,19, -
116,Lili CORNELY,GER,19, -
117,Johannes LAU,GER,39, -
118,Michel SIEDLER,GER,19, -
119,Cedric Lluc MILLES,GER,21, -
120,Franziska RITTER,GER,21, 164
121,Florence GRÜNEWALD,GER,25, -
122,Frederike FELL,GER,23, -
123,Simon UNGER,GER,32, -
124,Thomas TAUPORN,GER,33, -
125,Sebastian HALENKE,GER,29, 177
126,Kim MARSCHNER,GER,26, -
127,Max KLEESATTEL,GER,25, 173
128,Fabrice ROHNER,SUI,21, -
129,Cédric LACHAT,SUI,39, -
130,Katherine CHOONG,SUI,32, -
131,Yannick FLOHÉ,GER,24, 178
132,Luisa FLOHÉ,GER,22, -
133,Janine CARDOSO,BRA,50, -
134,Anderson GOUVEIA,BRA,46, -
135,André BEREZOSKI,BRA,47, -
136,Cesar GROSSO,BRA,40, -
137,Luana RISCADO,BRA,32, 161
138,Pedro Ferreira NICOLOSO,BRA,33, -
139,Thais Makino SHIRAIWA,BRA,36, -
140,Raphael NISHIMURA,BRA,43, -
141,Felipe HO FOGANHOLO,BRA,25, -
142,Camila MACEDO,BRA,42, -
143,Silvana RUDEK,BRA,34, -
144,Flavio CASTAGNARI,BRA,47, -
145,Fernando NICOLOSO,BRA,62, -
146,Tatiana CALOI STINCHI,BRA,37, -
147,Jean OURIQUES,BRA,38, -
148,Felipe HAMDAR,BRA,22, -
149,Vinicius SIMIONI,BRA,25, -
150,Luciano FRAZÃO DA SILVA,BRA,44, -
151,Iasmim DE QUEIROZ FREITAS,BRA,20, -
152,Patrícia ANTUNES,BRA,38, -
153,Pedro AVELAR,BRA,23, -
154,Clara VIEGAS,BRA,22, 170
155,Manoiela VILARINHO,BRA,39, -
156,Ricardo SCHEN,BRA,47, -
157,Eduardo GAMA DA SILVA,BRA,41, -
158,Luisa XAVIER SANS,BRA,34, -
159,Santiago SCHMIDT,ARG,28, -
160,Rocio Ailen BECERRA,ARG,25, 157
161,Valentina AGUADO,ARG,23, -
162,Marcelo ROMILLO,ARG,51, -
163,Santiago CHRISTENSEN,ARG,23, -
164,Victoria GIMENEZ,ARG,22, -
165,Gustavo Gabriel SUAREZ MUNNE,ARG,24, -
166,Tomas VILARIÑO,ARG,51, -
167,Piero ZANZOTTERA,ARG,40, -
168,Ana Luz TORRES,ARG,24, -
169,Valentin STERNIK,ARG,22, -
170,Joaquin PIRIZ,ARG,22, -
171,Daniela Maria PUJOL,ARG,47, -
172,Santiago GARCIA,ARG,37, -
173,Gustavo CASELLI,ARG,39, -
174,Manuel ESCOBAR,VEN,39, -
175,Leonel DE LAS SALAS,VEN,37, -
176,Francis RODRIGUEZ,VEN,43, -
177,Rosmery DA SILVA,VEN,34, -
178,Lucelia BLANCO,VEN,41, -
179,Francis GUILLEN,VEN,31, -
180,Leslie ROMERO,VEN,26, -
181,Luis David SOJO,VEN,25, -
182,Gustavo Jose PEREZ,VEN,22, -
183,Laura SANTAELLA,VEN,23, -
184,Luis BETANCOURT,VEN,33, -
185,Moritz HANS,GER,28, -
186,Vasil TASEVSKI,MKD,40, -
187,Vanco NAUNOV,MKD,29, -
188,Viktor TRPOVSKI,MKD,24, -
189,Vladimir TRPOVSKI,MKD,53, -
190,Stefania PERKANOSKA,MKD,21, -
191,Hristo BELOKAPOSKI,MKD,61, -
192,Biljana TALEVSKA,MKD,37, -
193,Sara WERTHMÜLLER,SUI,23, -
194,Sascha SCHWOB,SUI,21, -
195,Tim BUCHER,SUI,22, -
196,Lisa SCHLEGEL,SUI,22, -
197,Ilia WIELAND,SUI,20, -
198,Anouk PIOLA,SUI,35, -
199,Dylan CHUAT,SUI,23, 170
200,Julie BRIDEVAUX,SUI,22, -
201,Benoit SCHAUFELBERGER,SUI,41, -
202,Nadja PFISTER,SUI,31, -
203,Jara SPÄTE,SUI,26, -
204,Anja KÖHLER,BRA,20, -
205,Matthias KÖNIG,SUI,37, -
206,Noa Rosanna GLAUSER,SUI,23, -
207,Jael GERBER,SUI,22, -
208,Isaac ESTEVEZ,ECU,32, -
209,Andrea ROJAS,ECU,28, -
210,Domenica HARO,ECU,24, -
211,Carlos Felipe GRANJA LOPEZ,ECU,25, 176
212,Marlon Alexis POZO,ECU,25, -
213,Danny VALENCIA,ECU,25, -
214,Aaron PEÑARANDA,ECU,23, 171
215,Paul LÓPEZ,ECU,43, -
216,César AULESTIA,ECU,42, -
217,Eduardo MARTINEZ,ECU,47, -
218,Emily GONZALEZ,ECU,23, -
219,Alisson VIZUETE,ECU,23, -
220,Nickolaie RIVADENEIRA,ECU,23, 183
221,Salvador MOREANO,ECU,40, -
222,Galo HERNANDEZ,ECU,23, 164
223,Pedro MONTEZUMA,ECU,46, -
224,Jorge GOMEZ,ECU,22, -
225,Juan Martin PEÑA,ECU,24, -
226,Bryam MORENO,ECU,24, -
227,Isaac QUINTANILLA,ECU,21, -
228,Edwin CRUCERIRA,ECU,23, -
229,Dherek RENGIFO,ECU,23, -
230,Steve CABRERA,ECU,30, 173
231,Armel POZO,ECU,22, -
232,Victor Manuel ARMENDARIZ,ECU,21, -
233,Alexandra MENA,ECU,22, -
234,Alex VIVAS,ECU,23, -
235,Brian AVENDAÑO,ECU,39, -
236,Lorena TORRES,ECU,45, -
237,Nicola BELLINI,ECU,55, -
238,Renato ORDOÑEZ,ECU,32, -
239,Anahi MOREANO,ECU,23, -
240,Martha HERNANDEZ,ECU,27, -
241,Luis Alejandro ESCOBAR,ECU,21, -
242,Paolo RIVADENEIRA,ECU,20, 180
243,Gandhy JACOME,ECU,25, -
244,Cristian MORENO,ECU,36, -
245,Urs STÖCKER,SUI,47, -
246,Petra KLINGLER,SUI,32, 162
247,Rebekka STOTZ,SUI,31, -
248,Kevin HUSER,SUI,28, -
249,Katharina TOGNON,SUI,24, -
250,Annalisa TOGNON,SUI,22, -
251,Michel ERNI,SUI,21, -
252,Louis GUIGNARD,SUI,19, -
253,Lilla ULRICH,SUI,20, -
254,Andrea KÜMIN,SUI,26, 164
255,Budi CAHYONO,INA,-, -
256,Ronald MAMARIMBING,INA,50, -
257,Evi NELIWATI,INA,47, -
258,Yulianto ABUDZAR,INA,38, -
259,Pandu Asmoro GALAR,INA,40, -
260,Santi WELLYANTI,INA,33, -
261,Amri AMRI,INA,43, -
262,Aviansyah AAN,INA,34, -
263,Huda Wardana AKBAR,INA,35, -
264,Tonny MAMIRI,INA,32, -
265,Harini HARINI,INA,40, -
266,Afandi ACHMAD,INA,30, -
267,Zuyina ULFATI,INA,30, -
268,Fatchur ROJI,INA,27, -
269,Fitria HARTANI,INA,29, -
270,Alfian MUHAMMAD FAJRI,INA,27, -
271,Ndona NASUGIAN,INA,26, -
272,Abdul Rochman SYARIFAH,INA,30, -
273,Virgita NADYA PUTRI,INA,29, -
274,Sabri SABRI,INA,28, -
275,Supita TITA,INA,36, -
276,Sufriyanto RINDI,INA,33, -
277,Purnamasari ITA TRIANA,INA,34, -
278,Aspar ASPAR,INA,31, -
279,Puji LESTARI,INA,33, -
280,Lasa TEMI,INA,34, -
281,Ashari FAJRI,INA,34, -
282,Mulyani MUDJI,INA,34, -
283,Wahyu PRISTIAWAN,INA,48, -
284,Hidayat JAKA,INA,46, -
285,Juliani JULIANI,INA,35, -
286,Juskerina JUSKERINA,INA,25, -
287,Wardani NOVA BINA,INA,26, -
288,Alhadad JAMAL,INA,28, -
289,Wisnuarta NGAKAN PUTU,INA,28, -
290,Nurul IQAMAH,INA,29, -
291,Haslim HASPRIANI,INA,30, -
292,Anam KHOIRUL,INA,28, -
293,Hendra BASIR,INA,41, -
294,Kuntono HALIM,INA,57, -
295,Cahya ANGGA,INA,32, -
296,Elis ELISYABETH,INA,45, -
297,Achmad TEGAR,INA,23, -
298,Danu ISWARA,INA,48, -
299,Judistiro JUDISTIRO,INA,52, -
300,Ragil Rakasiwii KHARISMA,INA,23, -
301,Berthdigna Devi Surya KUSUMA,INA,25, -
302,Sari AGUSTINA,INA,27, -
303,Syafiiyah DHORIFATUS,INA,30, -
304,Erianto ERIANTO,INA,47, -
305,Eka Bayu PRABOWO,INA,44, -
306,Berdi Dei HEKI,INA,38, -
307,Yusuf RIZKI,INA,32, -
308,Yoga Nita BETTI NAWAFATUS,INA,28, -
309,Budi Santosa TRIYANTO,INA,55, -
310,Rajiah SALLSABILLAH,INA,25, -
311,Caly SETIAWAN,INA,49, -
312,Triyanto BUDISANTOSA,INA,55, -
313,Maiwa SAINUDDIN,INA,50, -
314,Syabbuddin SYABBUDDIN,INA,39, -
315,Pangeran SEPTO WIBOWO SIBURIAN,INA,29, -
316,Farina HANDAYANI,INA,30, -
317,Hinayah MUHAMMAD,INA,28, -
318,Vitrie HANDAYANI,INA,35, -
319,Fitriyani FITRIYANI,INA,36, -
320,Feri FEBRIANTO,INA,25, -
321,M Fauzan RAHMAN,INA,23, -
322,Alamsyah CAHYA CAKRADININGRAT,INA,23, -
323,Kiromal KATIBIN,INA,23, -
324,Rahmad ADI MULYONO,INA,23, -
325,Jasmico PAMUMADE,INA,22, -
326,Kharisma RAGIL RAKASIWI,INA,23, -
327,Choirul UMI CAHYANING AYUB,INA,22, -
328,Dyah PUSPITANINGTYAS,INA,23, -
329,Ni Komang Ayu SUARTINI,INA,24, -
330,Ravianto RAMADHAN,INA,21, 172
331,Raviandi RAMADHAN,INA,21, 170
332,Azzah NABILLA,INA,22, -
333,Alivany VER KHADIJAH,INA,22, -
334,Rudy FITRYANO,INA,45, -
335,Ousye AGNES PAAT,INA,51, -
336,Aries SUSANTI RAHAYU,INA,29, -
337,Moch SALIM,INA,28, -
338,Iswara YOGAPRANA,INA,48, -
339,Veddriq LEONARDO,INA,27, 162
340,Irawan ANDI,INA,43, -
341,Sapto HARDIONO,INA,52, -
342,Jie Yi Trix TAN,MAS,25, -
343,Muhammad Taqiuddin BIN MOHD ZULKIFLI,MAS,29, -
344,Xin Ying LEONG,MAS,23, -
345,Ghalib MOHD AZIM,MAS,25, -
346,Ku Muhammad Faridhwan KU AZIZ,MAS,29, -
347,Mohd Izzat MOHD SHOKOR,MAS,32, 175
348,Mohd Hazeezy HARITH,MAS,42, -
349,Jun Rong Adam SHIEW,MAS,21, -
350,Mohd Zaidi KAMARUDDIN,MAS,56, -
351,Dzukram Alzam MOHD ZAMRI,MAS,21, -
352,Stefan DANKER,GER,35, -
353,Afra HÖNIG,GER,28, 165
354,Ludwig BREU,GER,20, -
355,Alexandr NIGMATULIN,KAZ,36, -
356,Tamara ULZHABAYEVA,KAZ,36, -
357,Artyom DEVYATERIKOV,KAZ,37, -
358,Nikita DEVYATERIKOV,KAZ,35, -
359,Alexey MOLCHANOV,KAZ,34, -
360,Rishat KHAIBULLIN,KAZ,28, 170
361,Amir MAIMURATOV,KAZ,28, 182
362,Yelena GRUNYASHINA,KAZ,28, -
363,Assel MARLENOVA,KAZ,27, -
364,Gleb KOGAY,KAZ,26, -
365,Sergey PYNKA,KAZ,61, -
366,Alexey PANFILOV,KAZ,27, -
367,Yerzhan BEISEMBAYEV,KAZ,27, -
368,Roman KOSTYUKOV,KAZ,26, -
369,Serik YEGIZBAYEV,KAZ,58, -
370,Yekaterina KRUT,KAZ,26, -
371,Saule ISKAKOVA,KAZ,60, -
372,Mariya TEREKHOVA,KAZ,24, -
373,Margarita AGAMBAYEVA,KAZ,24, -
374,Alimzhan MYRZABEKOV,KAZ,26, -
375,Vladimir ILIN,KAZ,58, -
376,Anton ANDRIYENKO,KAZ,26, -
377,Alexandra ZHIZNEVSKAYA,KAZ,29, -
378,Tamara SOBOLEVA,KAZ,57, -
379,Alexandra BRYAKINA,KAZ,24, -
380,Darya PANFILOVA,KAZ,23, -
381,Klara SLUTSKAYA,KAZ,61, -
382,Merey ORAZBEKOV,KAZ,26, -
383,Mariya CHISTOVA,KAZ,23, -
384,Albina MURTAZINA,KAZ,23, -
385,Alina MAUL,KAZ,23, -
386,Andrey YURIN,KAZ,23, -
387,Sergey BESMERTNYKH,KAZ,23, -
388,Samgat KALIBAY,KAZ,23, -
389,Valeriy SERDYUK,KAZ,24, -
390,Kenzhegul SEITZHAN,KAZ,41, -
391,Kristina ZBARACHSHUK,KAZ,25, -
392,Eldar DOSSOV,KAZ,25, -
393,Kaisar ORAZBEKOV,KAZ,25, -
394,Alina MATEVOSSYAN,KAZ,24, -
395,Nikita NIKITYUK,KAZ,23, -
396,Beknur ALTYNBEKOV,KAZ,22, -
397,Dana TOLKYBEK,KAZ,22, -
398,Anastassiya POSTOYENKO,KAZ,21, -
399,Maulen YESSIMKHANOV,KAZ,64, -
400,Alexey TEREKHOV,KAZ,63, -
401,Sergey BELYAKOV,KAZ,59, -
402,Anton PAK,KAZ,22, -
403,Leila SHMIDKE,KAZ,23, -
404,Valeriy YAKOVENKO,KAZ,22, -
405,Anastassiya SALYAKHOVA,KAZ,21, -
406,Adeliya UTESHEVA,KAZ,21, -
407,Omar ALMATOV,KAZ,21, -
408,Darya PEVNEVA,KAZ,24, -
409,Matvey YESSIPOV,KAZ,20, -
410,Daniil MOISEYEV,KAZ,21, -
411,Zarina AGILMANOVA,KAZ,20, -
412,Alina PONOMARYOVA,KAZ,20, -
413,Tanzila OSPAN,KAZ,20, -
414,Vadim ISHMUKHAMETOV,KAZ,21, -
415,Yevgeniy BRYAKIN,KAZ,19, -
416,Yelizaveta LITUS,KAZ,20, -
417,Zhussip SEITOV,KAZ,19, -
418,Arailym ONGALBAY,KAZ,21, -
419,Alexandr PETROV,KAZ,24, -
420,Valeriya LANKOVA,KAZ,22, -
421,Jan HOJER,GER,32, 188
422,Käthe ATKINS,GER,22, 170
423,Emma BERNHARD,GER,21, -
424,Anne-Sophie KOLLER,SUI,27, 160
425,Dimitri VOGT,SUI,27, 158
426,Kevin HEINIGER,SUI,31, -
427,Kevin HEMUND,SUI,40, -
428,Franz KRAKENBERGER,SUI,31, -
429,Georg HOFFMANN,GER,59, 163
430,Jonathan BROWN,SUI,23, -
431,Dmitry KARAVAEV,BLR,30, -
432,Volha RAK,BLR,38, -
433,Maksim NIKIFARAVETS,BLR,27, -
434,Nikita LOGUNOV,BLR,24, -
435,Aliaksandra MISIUKEVICH,BLR,29, -
436,Katsiaryna PAHUDA,BLR,23, -
437,Daria TITKINA,BLR,37, -
438,Aliaksandr IVANOU,BLR,31, -
439,Valiantsina CHAMIAKINA,BLR,28, -
440,Iurii MOROZOV,BLR,31, -
441,Aliaksandr KLIUZHAU,BLR,27, -
442,Kseniya KOPUSAVA,BLR,22, -
443,Dzianis MAKSIMENIA,BLR,28, -
444,Ilya TALDYKIN,BLR,24, -
445,Anatolii NOVIKOV,BLR,37, -
446,Viktar ABLAZHEVICH,BLR,23, -
447,Aliaksei BURY,BLR,21, -
448,Anton FEDARYNCHYK,BLR,22, -
449,Uladzimir NAIDZENSHEU,BLR,21, -
450,Yuliya NIKIFARAVETS,BLR,19, -
451,Oleg STEPANENKO,BLR,22, -
452,Maryia VERNIKOUSKAYA,BLR,23, -
453,Valery OTCHYK,BLR,82, -
454,Nils HELSPER,GER,40, -
455,Peter KUNZE,GER,60, -
456,Mohammad JAFARI MAHMOUDABADI,IRI,40, -
457,Hamidreza TOOZANDEHJANI,IRI,38, 171
458,Gholamali BARATZADEH,IRI,38, -
459,Artimes FARSHAD YEGANEH,IRI,43, -
460,Farnaz ESMAILZADEH,IRI,36, -
461,Davoud RAKABI,IRI,40, -
462,Farnaz ESMAEILZADEH,IRI,36, -
463,Elnaz REKABI,IRI,34, 161
464,Amirhamzeh POURSHAFIE,IRI,36, -
465,Khosro HASHEMZADEH,IRI,33, -
466,Negar VARSHOCHI,IRI,36, -
467,Sima SOLTANI,IRI,34, -
468,Alireza AMIRIAN,IRI,32, -
469,Reza ALIPOUR SHENAZANDIFARD,IRI,30, 171
470,Fatemeh JAFARI MAHMODABADI,IRI,31, -
471,Ahmadreza SOLGI,IRI,31, -
472,Sajjad MOSTAJABODDAVEH,IRI,27, -
473,Abolfazl HASSANPOUR,IRI,25, -
474,Mohammadmehdi JALILI,IRI,27, -
475,Mehdi ALIPOUR SHENAZANDIFARD,IRI,26, -
476,Kobra LAKZAIIFAR,IRI,31, -
477,Bahareh BADRABADI,IRI,29, -
478,Afsaneh MIRAHMADI,IRI,25, -
479,Mina ARAMIDEH,IRI,25, -
480,Hadis NAZARIROBATI,IRI,27, -
481,Sahel MAYELI,IRI,25, -
482,Reza KOLASANGIAN,IRI,31, -
483,Mohammadali AGHADAVOUDI,IRI,34, -
484,Amir NOURI,IRI,34, -
485,Morteza MOHAMMADI,IRI,35, -
486,Solmaz ESHGHI,IRI,30, -
487,Masoumeh RAJABALI,IRI,30, -
488,Mansoureh GORJI,IRI,55, -
489,Mohsen POURGHASEM OMANDANI,IRI,56, -
490,Behnam KHALAJI,IRI,44, -
491,Hassan MIRZAHOSSEINI,IRI,40, -
492,Eghbal AFLAKY AGHBELAGH,IRI,69, -
493,Seyed Reza CHASHI,IRI,29, -
494,Mahmood MAHMOODINIA,IRI,53, -
495,Esmat GANJALIPOUR,IRI,56, -
496,Saeed SAFARI,IRI,32, -
497,Hamid ASYABANHAMEDANI,IRI,59, -
498,Alirezaa BALAGHI,IRI,39, -
499,Masoud IRANMANESH,IRI,47, -
500,Pouriya RASOOLI,IRI,26, -
501,Ehsan ASRAR,IRI,25, -
502,Amirhossein SAFARZADEH,IRI,26, -
503,Iraj SAFADOOST,IRI,49, -
504,Mohammadhossein SAGHARI,IRI,34, -
505,Sadra TORKAMANBOUTORABI,IRI,28, -
506,Nasim BIYARJOMANDY,IRI,38, 163
507,Athena BIGVAND,IRI,30, -
508,Hossein FAMILROHANI,IRI,31, 173
509,Zahra HAMZEHEI,IRI,32, -
510,Hamed HEYDARIDOLABI,IRI,30, -
511,Reza MOSTAFAZADEH REZAEI,IRI,45, -
512,Amir SABZI,IRI,43, -
513,Mehdi AKBARI,IRI,47, -
514,Mehdi PAHNAVAR,IRI,42, -
515,Mahmoud HASHEMISOUGHEH,IRI,38, -
516,Majid SHOKATMOGHADAM,IRI,37, -
517,Ebrahim NOWTASH,IRI,58, -
518,Alireza MOHANNA,IRI,58, -
519,Shaghayegh ESKANDARI,IRI,24, -
520,Negin NAJAFI,IRI,25, -
521,Mahya DARABIAN,IRI,22, -
522,Rahil RAMEZANI,IRI,22, -
523,Mohammad Amin MOHAMMADLOO,IRI,25, -
524,Mohsen ABDOLAHI,IRI,25, -
525,Matin BAYAT,IRI,24, -
526,Mohammad SOLTANI,IRI,22, -
527,Mehdi KALABI,IRI,22, -
528,Mohammad YOUSEFI,IRI,21, -
529,Faraz MALEKI,IRI,23, -
530,Zahra DAVARI,IRI,25, -
531,Sahel MAYLI FARIDANI,IRI,25, -
532,Sana AZIZZANJANI,IRI,22, -
533,Fatemeh ZARINABADI,IRI,22, -
534,Mohadeseh KAHVAND,IRI,23, -
535,Saba NOORSINA,IRI,25, -
536,Azadeh KALOOSHADI,IRI,24, -
537,Zahra SEIFI,IRI,23, -
538,Souroor ANSARIAN,IRI,24, -
539,Melika RAHEMI,IRI,22, -
540,Alireza PILEHFOROUSHAN,IRI,24, -
541,Ali ALAH VERDI,IRI,25, -
542,Ahmad Reza ELHAMI,IRI,22, -
543,Shant EASAGHOLIAN,IRI,22, -
544,Ali HEMATI,IRI,27, -
545,Mohammadamin YAZDIZAD,IRI,24, 180
546,Ali TAHERI VEYS SHOOSHTARI,IRI,24, -
547,Mosa GHAYEM,IRI,27, -
548,Milad ALIPOURSHENAZANDIFARD,IRI,24, -
549,Ali ARAMESH,IRI,24, -
550,Hossein SHARIFAT,IRI,23, -
551,Porya KARIM POUR,IRI,23, -
552,Hadi ALBOO GHEYSH,IRI,22, -
553,Hadi KHODA YARI,IRI,22, -
554,Akbar SABETKAR,IRI,27, -
555,Mahdi ZENDEHKAR,IRI,46, 178
556,Sajedeh SOLTANI,IRI,28, -
557,Azam KARAMI,IRI,40, -
558,Mehrdad ANBARIAN,IRI,-, -
559,Farzad IRANMANESH,IRI,48, -
560,Alireza YAZDANI,IRI,48, -
561,Hila BAHADORIPOUR,IRI,43, -
562,Farzaneh SHAHRAVI,IRI,31, -
563,Ehsan MEHRABI RAD,IRI,48, -
564,Mohammad Reza EHTESHAM NIA,IRI,32, -
565,Mohammad Reza KARIMI,IRI,28, -
566,Pouya SHAFENEJAD,IRI,31, -
567,Ehsan DELFANIYAN,IRI,32, -
568,Yavar AFSHARI KASHANIAN,IRI,38, -
569,Alireza CHEGINI,IRI,34, -
570,Reza ZAREI,IRI,48, -
571,Jeroen JONGENEELEN,NED,-, -
572,Mike MEIJNHARD,NED,-, -
573,Wouter JONGENEELEN,NED,46, -
574,Jorg VERHOEVEN,NED,39, -
575,Vera ZIJLSTRA,NED,36, -
576,Nicky DE LEEUW,NED,35, -
577,Nikki VAN BERGEN,NED,31, -
578,Elko SCHELLINGERHOUT,NED,33, -
579,Tim REUSER,NED,30, -
580,Michiel NIEUWENHUIJSEN,NED,37, -
581,Mirthe VAN LIERE,NED,38, -
582,Renske NUGTER,NED,29, -
583,Mark BRAND,NED,25, -
584,Ulf LENNERTZ,NED,40, -
585,Aukje VAN WEERT,NED,45, -
586,Mathieu CERON,NED,40, -
587,Pauline SCHREURS,NED,25, -
588,Don VAN LAERE,NED,25, -
589,Julia MEIJER,NED,24, -
590,Nigel ARMINO,NED,25, -
591,Lynn VAN DER MEER,NED,25, 168
592,Ysa RAKESTRAW,NED,24, -
593,Leto CAVÉ,NED,21, 165
594,Jens DE LOUW,NED,21, 179
595,Sam SWALUE,NED,22, -
596,Isabelle VAN DER HEIJDEN,NED,21, -
597,Mischa RADT,NED,21, -
598,Tiba VROOM,NED,24, -
599,Carlijn HUKKELHOVEN,NED,24, -
600,Zeno SCHAEKERS,NED,23, -
601,Amanda MEIJERING,NED,35, -
602,Fedde BENEDICTUS,NED,41, -
603,Aniek LITH,NED,28, -
604,Paul BRAND,NED,21, 182
605,Ynze VISSER,NED,21, -
606,Iwan PASVEER,NED,21, -
607,Mette VAN LIEMPD,NED,21, -
608,Berber BROUNS,NED,32, -
609,Mikola BYELOV,NED,22, -
610,Edith SAVENIJE,NED,20, -
611,Pleun FRANK,NED,21, -
612,Sam VAN DEN VORSTENBOSCH,NED,35, -
613,Rogier WOUTERS,NED,48, -
614,Jörg FRANKEN,NED,50, -
615,Tycho VAN DER STRAATEN,NED,22, -
616,Gidion VAN DOORN,NED,25, -
617,Amber SCHIFFELEERS,NED,19, -
618,Mees VOOIJS,NED,22, -
619,Lisa KLEM,NED,19, -
620,Lies VAN RAAIJ,NED,21, -
621,Mohd HAZLEE,SGP,28, -
622,Ho RON,SGP,35, -
623,Bin Senin MOHD HAZLEE,SGP,38, -
624,Wei Sze Felicia LIM,SGP,36, -
625,Janice NG LI,SGP,30, -
626,Muhammad Hilman HARON,SGP,33, -
627,Lynnette KOH SIOK HENG,SGP,30, -
628,Yusri NADRAH,SGP,28, -
629,Vanessa Si Yinn TENG,SGP,27, 169
630,"Mingxin, Judith SIM",SGP,34, -
631,Hakeem KASBAN,SGP,35, -
632,Ng Wei DERYL,SGP,26, -
633,Ashraf MOHAMMAD SAPRI,SGP,30, -
634,Chua Zong You SHANNON XYRUS,SGP,30, -
635,Yu JIE HUI,SGP,26, -
636,Bryan Amias PILLAI,SGP,29, -
637,Paul EMMANUEL RYAN,SGP,25, -
638,Ryan YEO XU HONG,SGP,29, -
639,Boaz TEO SING HAO,SGP,25, -
640,Aaron TAN,SGP,33, -
641,Chua DENNIS,SGP,32, 164
642,Lee Zong Jun NICHOLAS,SGP,33, -
643,Goh Hui Chen JANET,SGP,33, -
644,Tan SHI HUI,SGP,31, -
645,Mohd Amir MOOSTAFA,SGP,61, -
646,Mariah Batrisyia STEVE ARIFIAN,SGP,23, -
647,Tay KUAN LIANG,SGP,24, -
648,Mark CHAN CHONG KIAT,SGP,24, -
649,Charmaine KOH XIN YU,SGP,24, -
650,Janna TEE,SGP,24, -
651,Philus TAN BAI RONG,SGP,24, -
652,Aloysius NG JUN LOONG,SGP,24, -
653,Mohammad Sapri NUR DIYANA,SGP,26, -
654,Chong YIN LIANG,SGP,25, -
655,Debbie Zi Jing TAN,SGP,27, -
656,Ryan GOH BOON HWEE,SGP,27, -
657,Gavin YONG KAI CHEN,SGP,27, -
658,Chow Jia Hui ALICIA,SGP,30, -
659,Adil Bin AZMOON,SGP,29, -
660,Shi En Gwendolyn CHOW,SGP,29, -
661,Joan ABDULLAH,SGP,-, -
662,Luke GOH WEN BIN,SGP,21, -
663,Naufal NAUFAL DANI ZIKRY B MOHAMAD F,SGP,23, -
664,Melodie THIO JING LING,SGP,22, -
665,Stefanie Ann LOW SU YING,SGP,22, -
666,Guo HUI PING,SGP,26, -
667,Kaely HOONG KAI LI,SGP,27, -
668,Asher Gavin CHIAM KAI CHEN,SGP,27, -
669,Tiarra KOH,SGP,20, -
670,Jamie TEO HUI QING,SGP,23, -
671,Rodrigues HAZEL,SGP,26, -
672,Abu Talib SITI SHABIRAH,SGP,25, -
673,Lim EMILY MEGAN,SGP,24, -
674,Ethan TEO RUI HANG,SGP,21, -
675,Jarrell SOH JIT KAI,SGP,20, -
676,Sim QI XUAN,SGP,23, -
677,Harith ISKANDAR ZUNIL,SGP,26, -
678,Raja Dzulkefle RAJA TSAQIF HELMI,SGP,25, -
679,Tan BING QIAN,SGP,23, -
680,Johnstone AYEISHA MEI,SGP,21, -
681,Zu Wei JOELLE CHEAH,SGP,22, -
682,Yao SWEE,SGP,22, -
683,Razli NUR RINDIANNI MOHAMAD,SGP,22, -
684,Choy XIN YING,SGP,22, -
685,Kin KIRSTEN ASHLEIGH,SGP,24, -
686,Leow HUI LIN,SGP,25, -
687,Selina LOW XIU WEN,SGP,25, -
688,Ho JIA YUE,SGP,21, -
689,'ifwat AHMAD NOOR,SGP,20, -
690,Azmie NADIRAH,SGP,24, -
691,Chow ZI YANG,SGP,21, -
692,Dennis CHENG JIAMIN,SGP,23, -
693,Mohamad Kamal AMAR HASSAN,SGP,25, -
694,Abdullah MUHAMMAD HARRAZ,SGP,26, -
695,Lim Mei Yi CHARMAINE,SGP,34, -
696,Lieu TECK HUA,SGP,43, -
697,Aina LANGENKAMP,SUI,21, -
698,G. JANGAR,MGL,41, -
699,Densmaa BAYARSAIKHAN,MGL,31, -
700,Saikhanjargal OTGONBAYAR,MGL,28, -
701,Zoljargal BANZRAGCH,MGL,40, -
702,Enkhbaatar DORJSUREN,MGL,38, -
703,Nyambayar LKHAGVABAZAR,MGL,33, -
704,Tulga BUYA,MGL,44, -
705,Altanshagai GOMBORAGCHAA,MGL,35, -
706,Tsogtbayar ULZIIDELGER,MGL,29, -
707,Uugantsetseg OCHIGBAL,MGL,28, -
708,Otgonkhuu DORJSURENKHOR,MGL,30, -
709,Bayartsetseg GANKHUU,MGL,30, -
710,Kherlen NYAMDOO,MGL,28, -
711,Sanjaa-Ish ENKHTUYA,MGL,-, -
712,Munkhsukh EZENMUNKH,MGL,-, -
713,Erdenetsetseg BATTULGA,MGL,-, -
714,Khatan-Erdene KHONGOR,MGL,20, -
715,Amgalantugs BATSAIKHAN,MGL,21, -
716,Odbayar ALTANZUL,MGL,21, -
717,Stefan SCHMIEG,GER,25, -
718,Helena WALTZ,GER,22, -
719,Amelie KÜHNE,GER,22, -
720,Ben RYAN,NZL,-, -
721,Tyler FLEURY,NZL,31, -
722,Chase GATLAND,NZL,31, -
723,George SANDERS,NZL,26, -
724,Erica GATLAND,NZL,26, -
725,Carly MCILROY,NZL,25, -
726,Lucy WHITEHEAD,NZL,25, -
727,Joshua CORNAH,NZL,23, -
728,Peter LOFTHOUSE,NZL,40, -
729,Ruby FRIEND,NZL,24, -
730,Matthew JONES,NZL,22, -
731,Samuel MUNDAY,NZL,24, -
732,Thomas WALDIN,NZL,24, -
733,Oliver SOAR,NZL,25, -
734,Shania GIBSON,NZL,25, -
735,Judith JEWELL,NZL,23, -
736,Ariana VAN LITH,NZL,22, -
737,Jasmine WEAVER,NZL,22, -
738,Sophia OSIPOVA,NZL,22, -
739,Robert MOORE,NZL,51, -
740,Joseph Paul DRAVITZKI,NZL,23, -
741,Ben HUBMANN,NZL,23, -
742,Luke GARDNER,NZL,20, -
743,Maree MCCANDLISH,NZL,53, -
744,Zeta HITTMANN,NZL,21, -
745,Holly GARDNER,NZL,22, -
746,Mia CRAWSHAY,NZL,20, -
747,Tayla MANNING,NZL,21, -
748,Joshua KING,NZL,21, -
749,Kyle LANGSTONE,NZL,21, -
750,Oliver SHANKS,NZL,20, -
751,Conrad BOOKER,NZL,24, -
752,Tridon LEWIS,NZL,24, -
753,Liam MURRY,NZL,24, -
754,Sarah TETZLAFF,NZL,24, 173
755,Irralee HAIR,NZL,23, -
756,Kim FORDE,NZL,23, -
757,Nicole DACHS,NZL,23, -
758,Tessa STEEL,NZL,25, -
759,Alicia CHAN,NZL,26, -
760,Tobin ARMSTRONG,NZL,24, -
761,Sarah HAY,NZL,39, -
762,Zane BRAY,NZL,48, -
763,Richard WEAVER,NZL,56, -
764,David SANDERS,NZL,62, -
765,Elizabeth YEAMAN,NZL,60, -
766,Henry BOOKER,NZL,20, -
767,Abby GEBERT,NZL,19, -
768,Alia ROBINSON,NZL,20, -
769,Rachel MAIA,NZL,41, -
770,Lena HERRMANN,GER,30, -
771,Lars HOFFMANN,GER,27, -
772,Max PRINZ,GER,24, -
773,Lasse VON FREIER,GER,22, -
774,Benjamin BLASER,SUI,34, -
775,André NERES,POR,38, -
776,João EVORA,POR,26, -
777,Mariana JORDÃO,POR,27, -
778,Francisco CRISANTO,POR,55, -
779,Alberto CRUZ,POR,57, -
780,Beatriz COIMBRA,POR,24, -
781,Ricardo COIMBRA,POR,30, -
782,Bruno GASPAR,POR,45, -
783,Patricia MEDINA,POR,27, -
784,Nuno LIMA,POR,24, -
785,Olga FEDYUK,POR,32, -
786,Manuel Filipe CARVALHO,POR,36, -
787,Vitória SANTOS,POR,22, -
788,Daniel BUÉR,POR,23, -
789,Hernani MARTINS,POR,25, -
790,Luís OLIVEIRA,POR,26, -
791,Jorge ROCHA,POR,23, -
792,Cristiana JOÃO,POR,23, -
793,Telma SANTOS,POR,22, -
794,Vasco CAMPOS,POR,23, -
795,Pedro PATO,POR,21, -
796,Oleksandr MENSHYKOV,POR,24, -
797,Nuno GONÇALVES,POR,38, -
798,Afonso Mano CRISANTO,POR,20, -
799,Daniel Filipe AUGUSTO,POR,21, -
800,Mariana CARVALHO,POR,20, 154
801,Mariana ALMEIDA,POR,24, -
802,Mafalda ALMEIDA,POR,22, -
803,David COSTA,POR,25, -
804,Mário RIBEIRO,POR,20, -
805,Ana GUCHKO,POR,22, -
806,Rafael FERNANDES,POR,22, -
807,Pedro MOTA,POR,24, -
808,Nuno FERREIRA,POR,21, -
809,Jaime Amiel PAHATI,PHI,42, -
810,Jose Mari Jr CORTES,PHI,43, -
811,Milky Mae TEJARES,PHI,38, -
812,Paul Eli SUSON,PHI,22, -
813,Paul Justin VEROSIL,PHI,25, -
814,Gerald VEROSIL,PHI,23, -
815,John FORONES,PHI,17, -
816,Albert SALVADOR,PHI,25, -
817,Miguel GERVASIO,PHI,26, -
818,Lynx SAMSON,PHI,24, -
819,Gabrielle ONG,PHI,21, -
820,Ananda ABIAD,PHI,18, -
821,Vanwell Anthony DELA ROSA,PHI,23, -
822,Brandon GRAGEDA,PHI,31, 180
823,Washington JUSAY,PHI,38, -
824,Zoren LEGASPI,PHI,27, 160
825,Iman MORA,PHI,35, 171
826,Rochelle SUAREZ,PHI,31, -
827,Liana Nicole MORA,PHI,33, -
828,Joanne ALA,PHI,31, -
829,John Joseph VELORIA,PHI,31, 158
830,Glenn LOMINOQUE,PHI,37, -
831,Angela BUENDIA,PHI,30, -
832,Juvelle PUA,PHI,34, -
833,Emilio GOMEZ,PHI,32, -
834,Ma. Erika Teresa GANA,PHI,36, -
835,Stasa GEJO,SRB,26, 175
836,Andjela SEKULIC,SRB,25, -
837,Slobodan GEJO,SRB,72, 188
838,Pavlovic VESNA,SRB,52, -
839,Vesna PAVLOVIC,SRB,52, -
840,Nora BOGNAR,HUN,22, -
841,Andras BOGNAR,SRB,62, -
842,Nikola VUCKOVIC,SRB,20, -
843,Rade VUCKOVIC,SRB,48, -
844,Robin VICERY,DEN,45, -
845,Katrine VANDET SALLING,DEN,30, -
846,Thomas HOLM BLAABJERG,DEN,28, -
847,Frederik Zeilberger THULSTRUP,DEN,27, -
848,Elias EDVARDSEN,DEN,28, -
849,Theis Lindegren ELFENBEIN,DEN,26, -
850,Bjørn ARNEL IISAGER,DEN,33, -
851,Primula TEILMANN AALUND,DEN,26, -
852,Annika KORSGAARD,DEN,25, -
853,Nea HERFORTH BAEHR,DEN,24, -
854,Marjo HERFORTH BÆHR,DEN,48, -
855,Siri-Anna ROSWALL MATTSSON,DEN,24, -
856,Anton Young Hong NIELSEN,DEN,23, -
857,Trine KJELDSEN,DEN,23, -
858,Taya Xiao SKAANING,DEN,24, -
859,Lasse Dannemann PEDERSEN,DEN,51, -
860,Michelle KIM THEISEN,DEN,32, -
861,Noah SEIR,DEN,22, -
862,Esben SEIR,DEN,51, -
863,Isabella Prehn NYHUUS,DEN,23, -
864,Gaia Rebecca TOFT LAURITZEN,DEN,22, -
865,Morten Prehn SORENSEN,DEN,56, -
866,Max JØRGENSEN,DEN,23, -
867,Rasmus HOLM ESKILDSEN,DEN,26, -
868,Mathias Rask JUNKER,DEN,21, -
869,Dagmar KROHN,DEN,23, -
870,Frederik VIBERG,DEN,22, 187
871,Silas ØSTERGAARD,DEN,22, -
872,Mikkel LIMA,DEN,37, -
873,Levin SCHILLING,GER,36, -
874,Luise SVENSSON,GER,19, -
875,Zoé EGLI,SUI,22, 164
876,Liv EGLI,SUI,21, 164
877,Joëlle NIEDERBERGER,SUI,21, 168
878,Jonas UTELLI,SUI,20, 175
879,Melissa BERNHARD,SUI,22, -
880,Dario JOST,SUI,20, -
881,Peter GROB,SUI,40, -
882,Tabea SCHWAB,SUI,41, -
883,Alina RING,SUI,25, -
884,Martin TEKLES,GER,33, -
885,Mathias CONRAD,GER,35, -
886,Luna FRIEDRICH,GER,23, -
887,Lucie MOLITOR,GER,23, -
888,Sofie PAULUS,GER,27, -
889,Marcel GROSSMANN,SUI,56, -
890,Kin Wing LAU,CHI,-, -
891,Facundo LANGBEHN,CHI,29, -
892,Tomas RAVANAL,CHI,39, -
893,Pedro IÑIGUEZ,CHI,25, -
894,Borja FARAH,CHI,27, -
895,Muykuay SILVA,CHI,26, 162
896,Ronny ESCOBAR,CHI,26, -
897,Benjamin AYALA,CHI,27, -
898,Juan Jose VALENZUELA,CHI,25, -
899,Len RIOS,CHI,37, -
900,Karla KOCKING,CHI,39, -
901,Corinne THEROUX,CHI,54, -
902,Sofia FERNANDEZ,CHI,31, -
903,Juan VALENZUELA,CHI,61, -
904,Richard MORALES,CHI,37, -
905,Alejandra CONTRERAS,CHI,23, 160
906,Carmen CONTRERAS,CHI,19, -
907,Daniel SERMAN,CHI,35, -
908,Francisco GONZALEZ,CHI,23, -
909,Emilio RIOS,CHI,22, -
910,Benjamin VARGAS,CHI,24, 180
911,Eduardo ROJAS,CHI,38, 167
912,Alejandra INZUNZA,CHI,31, -
913,Macarena LEÓN,CHI,30, -
914,Matías OPAZO,CHI,31, -
915,Antonia VALENZUELA,CHI,26, -
916,Mirleny PEREZ,CHI,53, -
917,Pedro BELLO,CHI,24, -
918,Puntarika TUNYAVANICH,THA,34, -
919,Watchareewan TOMAS,THA,27, -
920,Pankaew PLYPOOLSUP,THA,27, -
921,Pratthana RAKSACHAT,THA,28, -
922,Winai RUANGRIT,THA,28, -
923,Thattana RAKSACHAT,THA,26, -
924,Phanuphong BUNPRAKOP,THA,27, -
925,Somboon UTHAIVIANKUL,THA,65, -
926,Chanchate KITTISOBHON,THA,71, -
927,Chumpol NUALWIJITR,THA,56, -
928,Kraisak BOONTIP,THA,56, -
929,Natee KLINSUKON,THA,49, -
930,Kritsadakorn THONGMUNG,THA,23, -
931,Teeraphon BOONDECH,THA,23, -
932,Sirapob JIRAJATURAPAK,THA,24, -
933,Nichol TOMAS,THA,20, -
934,Aphiwit LIMPANICHPAKDEE,THA,21, -
935,Parit KHUNBORIWARN,THA,21, -
936,Boonwanit ARTAUI,THA,27, -
937,Sudarat PHOOMSAWAT,THA,25, -
938,Pannaporn KHUNBORIWARN,THA,24, -
939,Narada DISYABUT,THA,23, -
940,Jiraporn KAITWATCHARACHAI,THA,22, -
941,Kasorn UTHAIVIANKUL,THA,64, -
942,Sethtinunt SIRISAKULKHEMATAT,THA,66, -
943,Kristchote BOONKUMPRA,THA,21, -
944,Pattama AU-ARRENUSORN,THA,19, -
945,Yosita YIMLAMAI,THA,20, -
946,Chaiwut PHONGPHAEW,THA,52, -
947,Tanida DISYABUT,THA,52, -
948,Albreht Delft PAGADUAN,THA,45, -
949,Sukritchai TEERAROENGRIT,THA,34, -
950,Phoomsan SENEEWONG NA AYUDHAYA,THA,51, -
951,Apirat SIRINAVIN,THA,58, -
952,Chutamas SUVARNAPRADIP,THA,57, -
953,Saran LORHPIPAT,THA,33, -
954,Samart MALULIM,THA,64, -
955,Supat LAOHAPIENGSAK,THA,64, -
956,Paphon KASEMVUDHI,THA,36, -
957,Sontayed ASAVAHAME,THA,33, -
958,Itsara KULIMAKIN,THA,36, -
959,Petch VIWATSINUDOM,THA,35, -
960,Sorakarn THONGJARAS,THA,30, -
961,Panupong NUALSOMSRI,THA,33, -
962,Paramat MARASRI,THA,26, -
963,Teerapol RUGKONG,THA,27, -
964,Suwaporn DUMRONGSUKIT,THA,37, -
965,Panadda PEASAI,THA,36, -
966,Surat KHUEANGTRACHOO,THA,31, -
967,Nichamon SAMANTARAT,THA,35, -
968,Alisa SRATHONGYOD,THA,20, -
969,Anya VAN ESSEN,THA,19, -
970,Emilie GERHARDT,GER,25, -
971,Alon REINER,ISR,35, -
972,Valeri KREMER,ISR,33, -
973,Inbal KATZNELSON,ISR,31, -
974,Amour PAZ,ISR,31, -
975,Or WECHSLER,ISR,32, -
976,Alex KHAZANOV,ISR,29, -
977,Netta FREDMAN,ISR,28, -
978,Yiftach KUSHNIR,ISR,29, -
979,Yael TAUB,ISR,27, -
980,Divon ROZEN,ISR,27, -
981,Yuval SARAF,ISR,31, -
982,Yuval SHEMLA,ISR,25, 168
983,Matan BERMAN,ISR,43, -
984,Ram LEVIN,ISR,25, 173
985,Daniel BAR DAVID,ISR,35, -
986,Rotem JACOBS,ISR,42, -
987,Simon TRABYKIN,ISR,34, -
988,Alon HOD,ISR,51, -
989,Naama YOHAI,ISR,24, -
990,Sagi LEVIN,ISR,56, -
991,Nimrod MARCUS,ISR,24, 166
992,Hernan WASERMAN,ISR,47, -
993,Itay FRIEDMAN,ISR,47, -
994,Yarden PILPEL,ISR,26, -
995,Noa SHIRAN,ISR,22, 174
996,Or MINIELY,ISR,26, -
997,Adi BER,ISR,24, -
998,Yael BAHARAD,ISR,22, -
999,Adi GUR,ISR,23, -
1000,Yotam ROSENBAUM,ISR,23, -
1001,Nive PORAT,ISR,28, -
1002,Nimrod MUGZACH,ISR,30, -
1003,Mor Michael SAPIR,ISR,33, 176
1004,Alon HAGITY,ISR,23, -
1005,Amit TAMIR,ISR,24, -
1006,Guy LIFSHITZ,ISR,34, -
1007,Sagi DAMTI,ISR,35, -
1008,Yochai GLUCK,ISR,23, -
1009,Amiad LIPMAN,ISR,22, -
1010,Ayala KEREM,ISR,22, 163
1011,Maya DREAMER,ISR,22, -
1012,Geva LEVIN,ISR,20, -
1013,Dan PE'ER,ISR,22, -
1014,Ido FIDEL,ISR,20, 180
1015,Roei PALGI,ISR,31, -
1016,Shaked WEINSTEIN,ISR,21, -
1017,Maya AV-GANIM WEINSTEIN,ISR,48, -
1018,Zvika SHIRAN,ISR,53, -
1019,Rom GUR,ISR,23, -
1020,Nadav GROPPER,ISR,25, -
1021,Carmel RAZ ROMEO,ISR,24, -
1022,Uri AGMON,ISR,22, -
1023,Yael SINAI,ISR,20, -
1024,Yulia VOLCHEK,ISR,19, -
1025,Ido ILOUZ,ISR,19, -
1026,Einav Yarden DANIELS,ISR,21, -
1027,Jack LOTROVSKY,ISR,20, -
1028,Alon MARON,ISR,20, -
1029,Emilie PUPKO,ISR,20, -
1030,Yuval HAREL,ISR,22, -
1031,Yula GOLD,ISR,21, -
1032,Shachar BEN HAYUN,ISR,24, -
1033,Niv KOREN,ISR,41, -
1034,Daniel KRULWICH,ISR,32, -
1035,Ariel ROIZ,ISR,19, -
1036,Yoav ARIELI,ISR,21, -
1037,Gur BENESH-RAVIV,ISR,21, -
1038,Gabriel LISOVTSEV,ISR,21, -
1039,Yotam BEN REUVEN,ISR,22, -
1040,Niv LAROM,ISR,21, -
1041,Assaf HILI,ISR,34, -
1042,Ido RIND,ISR,23, -
1043,Alik BAR-EL,ISR,34, -
1044,Ofir RABINOVISH,ISR,20, -
1045,Erran GITLER,ISR,27, -
1046,Yaniv AGA,ISR,29, -
1047,Tzvi SHIRAN,ISR,59, -
1048,Oz SKOP,ISR,47, -
1049,Sheli FRIEDMAN,ISR,42, -
1050,Iroda RAPIKOVA,UZB,30, -
1051,Dmitriy SOROKIN,UZB,37, 180
1052,Asal ISLAMOVA,UZB,22, -
1053,Ugur YILMAZ,TUR,49, -
1054,Dogan Oguz PALUT,TUR,53, -
1055,Zorbey AKTUYUN,TUR,39, -
1056,Murat Salim ŞEREN,TUR,56, 177
1057,Oğuz Kaan BEĞEÇ,TUR,28, -
1058,Sevda GEYIK,TUR,30, -
1059,Buket AKÇA,TUR,38, -
1060,Övgün YILDIRIM,TUR,43, -
1061,Arda Kadir URULUER,TUR,35, -
1062,Faik Can ÖZEN,TUR,64, -
1063,Recep GÜR,TUR,46, -
1064,Ayşe NARMANLI,TUR,37, -
1065,Lara ÖZAK,TUR,31, -
1066,Sarp SAHIN,TUR,25, -
1067,İsmai̇l ÖZTÜRK,TUR,27, -
1068,Ahmet Yusuf KILIC,TUR,23, -
1069,Efe Can SEVIL,TUR,37, -
1070,Fatma BASOGLU KABRAN,TUR,38, -
1071,Alaattin KARACA,TUR,75, -
1072,Ali ŞEN,TUR,33, -
1073,Begüm KAZAZİ,TUR,38, -
1074,Muhammet Nuri̇ AYDEMİR,TUR,29, -
1075,Abdurrahi̇m EKIN,TUR,43, -
1076,Faruk AKÇINAR,TUR,46, -
1077,Zeki Ozan ATASOY,TUR,42, -
1078,Yildirim SECMEN,TUR,50, -
1079,Cem BABA,TUR,19, -
1080,Duru Güneş YALCIN,TUR,19, -
1081,Hurşi̇t İbrahi̇m KILIÇ,TUR,20, -
1082,Safet ASLAN,TUR,23, -
1083,Gülay BALIK,TUR,23, -
1084,Muhammet Ali̇ KESKİN,TUR,21, -
1085,Begüm Zeynep ÇATAK,TUR,19, -
1086,Ersan BAŞAR,TUR,52, -
1087,Yahya KOC,TUR,34, -
1088,Ugur ILERIGELEN,TUR,31, -
1089,Zeynep ŞEN,TUR,20, -
1090,Cenk ÜNSALAN,TUR,20, -
1091,Muhammet KARYAĞDI,TUR,23, -
1092,Hati̇ce UZUN,TUR,24, -
1093,Nuretti̇n Cem PUHALOĞLU,TUR,22, -
1094,Safi̇ye Begüm ŞEN,TUR,23, -
1095,Müge ELÇİ,TUR,20, -
1096,Vahap KARADAĞ,TUR,24, -
1097,Güray EKİCİ,TUR,50, -
1098,Nazi̇f MAKAS,TUR,63, -
1099,Umutcan AYTAÇ,TUR,21, -
1100,Thorben Perry BLOEM,GER,19, 183
1101,Rustam GELMANOV TEST,,41, -
1102,Jerome MEYER,,-, -
1103,Aristomenes THANOPOULOS,GRE,-, -
1104,Ioannis THEOHAROPOULOS,GRE,58, -
1105,Lampros ANESTIS,GRE,27, -
1106,Nektarios KOULOUGOUSIDIS,GRE,27, -
1107,Efthymia MOUTAFIDOU,GRE,24, -
1108,Georgios BERNIDAKIS,GRE,35, -
1109,Athanasia LIOUNI,GRE,21, -
1110,Michael SIFAKIS,GRE,38, -
1111,Nikolaos KYRIMLIDIS,GRE,22, -
1112,Orfeas TSIAOUSIS,GRE,25, 171
1113,Thomas KOSMAS,GRE,23, -
1114,Evdoxia-Aikaterini KALLIA,GRE,21, 163
1115,Iro VELISSARI,GRE,23, -
1116,Alexandros LAVDAS,GRE,23, -
1117,Emmanouil MAVROMATIS,GRE,21, -
1118,Matthaios VALSAMIDIS,GRE,25, 175
1119,Konstantinos AVRAAM,GRE,20, -
1120,Theodoros TSAVDARIDIS,GRE,65, -
1121,Nikolaos MANGITSIS,GRE,55, -
1122,Periklis RIPIS,GRE,38, -
1123,Niki SAKKA,GRE,19, -
1124,Despoina MOUTAFIDOU,GRE,26, -
1125,Ioannis STAVRIANIDIS,GRE,22, -
1126,Theodoros BANITSIOTIS,GRE,21, -
1127,Panagiotis NANOUSIS,GRE,21, 180
1128,Danai VALSAMIDI,GRE,21, -
1129,Yekaterina BOGOLYUBOVA,KGZ,36, -
1130,Roman KOVALYEV,KGZ,30, -
1131,Sofiia LATIFULINA,KGZ,22, -
1132,Miroslava TEN,KGZ,21, -
1133,Sergei MYSAKOV,KGZ,24, -
1134,Prokhor BEZDORNOV,KGZ,24, -
1135,Antonio ERNANDES,KGZ,22, -
1136,Gleb ROZHKOV,KGZ,20, -
1137,Isa KONUSHBAEV,KGZ,21, -
1138,Marina GALTSOVA,KGZ,55, -
1139,Islamidin KARIMOV,KGZ,26, -
1140,Ivan ISAEV,KGZ,25, -
1141,Daniil ABABKOV,KGZ,19, -
1142,Valeriia IURASOVA,KGZ,21, -
1143,Rolands RUGENS,LAT,32, -
1144,Jurijs KRASANOVS,LAT,36, -
1145,Santa GRIGORJEVA,LAT,32, -
1146,Lotina DIANA,LAT,26, -
1147,Kozels ARTURS,LAT,24, -
1148,Danila YAMCHUK,LAT,25, -
1149,Vilks KASPARS,LAT,33, 185
1150,Skruskopa LAURA,LAT,23, -
1151,Feldmanis EDGARS,LAT,25, -
1152,Cirvele KATRĪNA,LAT,29, -
1153,Alise ZVIGULE,LAT,31, -
1154,Peteris MEIRANS,LAT,33, 185
1155,Dombrovska INTA,LAT,28, -
1156,Dombrovskis ARTŪRS,LAT,32, -
1157,Krūmiņa MADARA,LAT,24, -
1158,Elza Elizabete BARAKA,LAT,23, 168
1159,Alise DROZDOVA,LAT,25, -
1160,Kozels IGORS,LAT,53, -
1161,Edvards GRUZITIS,LAT,20, 181
1162,Ksenija DOBRŽINSKA,LAT,19, 162
1163,Linda GRUZĪTE,LAT,49, -
1164,Dmitry SEVANKAEV,LAT,20, -
1165,Gruzītis ANDRIS,LAT,58, -
1166,Koževņikova JEKATERINA,LAT,35, -
1167,Popova JŪLIJA,LAT,20, -
1168,Niraj KARKI,NEP,38, -
1169,Deebas SHAH,NEP,54, -
1170,Prem Bahadur GURUNG,NEP,45, -
1171,Pranil Man SHRESTHA,NEP,33, -
1172,Pemba SHERPA,NEP,23, -
1173,Panchamaya TAMANG,NEP,24, -
1174,Saman SHRESTHA,NEP,33, -
1175,Swastika CHAUDHARY,NEP,24, -
1176,Sangam KC,NEP,32, -
1177,Venisha RAJBAHAK,NEP,21, -
1178,Bhim TAMANG,NEP,22, -
1179,Hector MEJIA,GUA,26, -
1180,Fernando CHICHE,GUA,49, -
1181,Aquino FREDY,GUA,45, -
1182,Erick MORALES,GUA,24, -
1183,Ayleen GUARÉ,GUA,37, -
1184,Luis CHÁVEZ,GUA,25, -
1185,Cristian LANUZA,GUA,23, -
1186,Gabriela ARANA,GUA,21, -
1187,Meder VALDEZ,GUA,49, -
1188,Junior LOPEZ,GUA,22, -
1189,José Ramón SANTOS BUHL,MEX,26, -
1190,Héctor Adrián MARTÍNEZ CORDERO,MEX,26, -
1191,Mariana ALONSO RIQUELME,MEX,25, -
1192,José Emilio VENEGAS MEDINA,MEX,26, -
1193,Braulio PERÉZ GUERRERO,MEX,48, -
1194,Armando ACEVEDO ALFARO,MEX,43, -
1195,Francisco Javier GARCÍA GARCÍA,MEX,25, -
1196,Gustavo HERRERA RAMOS,MEX,25, -
1197,María José SOTO UGARTE,MEX,24, -
1198,Israel CHAVEZ GONZALEZ,MEX,49, -
1199,Arantza LUNA VELASCO,MEX,22, -
1200,Thor VILLEGAS GARCÍA,MEX,22, -
1201,Emmanuel ESTRADA DE ARTOLA,MEX,22, -
1202,Valeria VILLAR MORENO,MEX,22, -
1203,Taoki VILLEGAS,MEX,30, -
1204,María José GONZÁLEZ GUZMÁN,MEX,25, -
1205,Andrés OROZCO MORENO,MEX,25, -
1206,Emilio VALDEZ GARDUÑO,MEX,21, -
1207,Javier Iván MOLINA FRANCO,MEX,23, -
1208,María Fernanda GONZÁLEZ RÁMIREZ,MEX,22, -
1209,Jacinto VELASCO LOZANO,MEX,24, -
1210,Reynol LEZA MEZA,MEX,22, -
1211,Carlos Eduardo RODRÍGUEZ VACA,MEX,23, -
1212,Alondra GONZÁLEZ BOBADILLA,MEX,24, -
1213,María Fernanda HIDALGO AMEZQUITA,MEX,23, -
1214,Valeria MACIAS FERREIRA,MEX,22, -
1215,Alessia REYES ZACCARIA,MEX,21, -
1216,Diego Eugenio ZUÑIGA GONZÁLEZ,MEX,21, -
1217,Regina SALAZAR PUGA,MEX,20, -
1218,María Fernanda ERREJÓN GONZÁLEZ,MEX,21, -
1219,Jonathan Abraham DÁVILA GONZÁLEZ,MEX,21, -
1220,Arantza FERNÁNDEZ GUTIERREZ,MEX,21, -
1221,Leonardo MAGALLANES TEJADA,MEX,22, -
1222,Victoria HOLGUIN MORALES,MEX,20, -
1223,Sebastian PRIETO PERILLA,COL,35, -
1224,Anghelo BERNAL,COL,34, -
1225,Juan Diego ROMERO SALGUERO,COL,23, -
1226,Julian CAMACHO,COL,24, -
1227,Angie Daniela FORERO SILVA,COL,25, -
1228,Waira MEJIA TORRES,COL,23, -
1229,Norman Leonardo VALLEJO CASTILLO,COL,44, -
1230,Alejandro FERNANDEZ URBANO,COL,26, -
1231,Juan Sebastian SANCHEZ MARTIN,COL,23, -
1232,Juan Sebastian MENDOZA RIAÑO,COL,24, -
1233,Omar Nicolas VINCHERRY VALBUENA,COL,42, -
1234,Nicolas CUELLAR VALLEJO,COL,23, -
1235,Gabriel LANCHEROS POVEDA,COL,21, -
1236,Daniela CAJAMARCA LOPEZ,COL,20, -
1237,Noraya Viviana LÓPEZ ROMERO,COL,38, -
1238,Emmanuel Josué CORREA,COL,23, -
1239,Liyeri HENNESSEY RAMIREZ,COL,24, -
1240,Charalampos GEMENETZI,CYP,40, -
1241,Christos SOFOKLEOUS,CYP,29, -
1242,Philipp KUCZORA,GER,21, -
1243,Chiara Maria CLOSTERMANN,GER,31, -
1244,Christoph SCHWEIGER,GER,22, 187
1245,Sofya YOKOYAMA,SUI,25, -
1246,Alois REMUND,SUI,24, -
1247,Malin LOCHER,SUI,21, -
1248,Mona REMUND,SUI,21, -
1249,Lukas ZGRAGGEN,SUI,20, -
1250,Julien CLÉMENCE,SUI,22, 169
1251,Nino GRÜNENFELDER,SUI,22, 172
1252,Evelyne FUX,SUI,26, -
1253,Luca ZEITTER,SUI,32, -
1254,Lela HENTSCHEL,SUI,20, -
1255,Joanne BRINKMANN,SUI,25, -
1256,Natalie BÄRTSCHI,SUI,30, -
1257,Sascha LEHMANN,SUI,26, 164
1258,Baptiste OMETZ,SUI,25, -
1259,Michelle HULLIGER,SUI,24, 157
1260,Philipp GEISENHOFF,SUI,24, -
1261,Louis BÉTRISEY,SUI,24, -
1262,Gaëtan MASSONNET,SUI,25, -
1263,Nils FAVRE,SUI,32, 176
1264,Ladina GEBERT,SUI,24, -
1265,Obed HARDMEIER,SUI,29, -
1266,Marius AUDENIS,SUI,21, -
1267,Paloma FANKHAUSER,SUI,22, -
1268,Roxana WIENAND,GER,23, 162
1269,Remo LEHMANN,SUI,29, -
1270,Solveig KORHERR,GER,26, -
1271,Giuliano CAMERONI,SUI,27, -
1272,Vivian FUMEAUX,SUI,20, -
1273,Alma BESTVATER,GER,28, 161
1274,Anton SCHRAMM,GER,24, -
1275,Lucia DÖRFFEL,GER,24, 165
1276,Anselm OBERDORFER,GER,26, -
1277,Joshua BADER,GER,24, -
1278,Zaheer AHMAD,PAK,32, 175
1279,Sajid ASLAM,PAK,37, -
1280,Muhammadabdulhurmazaffarfaizimr AWAN,PAK,68, -
1281,Abdul Qadir KHAN,PAK,60, -
1282,Fazal WADOOD,PAK,22, 165
1283,Faiz ALI,PAK,50, -
1284,Rehmat ULLAH,PAK,50, 182
1285,Mir Hassan FAIZ,PAK,23, -
1286,Hanzala Hussain ZAFAR,PAK,22, -
1287,Mushahid HUSSAIN,PAK,33, -
1288,Günther GRAUSAM,GER,46, -
1289,Hannah MAASS,AUT,22, -
1290,Nikolaj NIEBUHR,ITA,41, -
1291,Andreas BAND,GER,50, -
1292,Vilimantas PETRASIUNAS,LTU,35, -
1293,Kipras BALTRUNAS,LTU,31, -
1294,Semion KOZLIUK,LTU,26, -
1295,Arturas VOLKOVAS,LTU,32, -
1296,Sergejus KOZLIUK,LTU,62, -
1297,Milda KOREIVAITE,LTU,28, -
1298,Agniete BALTRUNE,LTU,29, -
1299,Ilja GAIDUK,LTU,25, -
1300,Andrius ZUKAS,LTU,26, -
1301,Vera KOZLIUK,LTU,19, -
1302,Anastasija TERIOCHINA,LTU,37, -
1303,Ula KOROLIOVA,LTU,23, -
1304,Rugile TAMOSIUNAITE,LTU,23, -
1305,Modestas KLIMAVICIUS,LTU,21, -
1306,Joris GIEDRAITIS,LTU,22, -
1307,Joris LEIPUS,LTU,24, 179
1308,Nojus GUDINAVICIUS,LTU,23, -
1309,Petras Paulius KASTANAUSKAS,LTU,23, -
1310,Ignas KISIELIUS,LTU,26, -
1311,Monika SADAUSKAITE,LTU,22, -
1312,Georgij KOROLIOV,LTU,21, -
1313,Algimantas VALAITIS,LTU,48, -
1314,Tatjana KOCHETKOVA,LTU,35, -
1315,Ratmir GAFAROV,LTU,23, -
1316,Raidas SEMENAS,LTU,22, -
1317,Aleksandra SCERBINA,LTU,21, -
1318,Kochetkov MIKHAIL,LTU,41, -
1319,Justas URBANAVICIUS,LTU,23, -
1320,Roman SIVAKOV,LTU,21, -
1321,Dmitrij ILJUSENKO,LTU,32, -
1322,Meritas BABILAS,LTU,20, -
1323,Aiste SVINKUNAITE,LTU,19, -
1324,Kornelija POLIAKOVAITE,LTU,22, -
1325,Zygimantas BICKAITIS,LTU,20, -
1326,Diego LEQUERICA BUSCAGLIA,PER,28, -
1327,Adolfo GIL,PER,43, -
1328,Zohrab SHAHBALAYE,AZE,39, -
1329,Zohrab SHAHBALAYEV,AZE,39, -
1330,Mehdi PAHNAVAR,AZE,42, -
1331,Timo BALDI,New Caledonia,24, -
1332,Guillaume BLANC,New Caledonia,26, -
1333,Loup BOUCHET,New Caledonia,33, -
1334,Marceau GARNIER,New Caledonia,23, -
1335,Pascale MATERA,New Caledonia,59, -
1336,Antoine POLLIAND,New Caledonia,24, -
1337,Cassandra ROBBE,New Caledonia,25, -
1338,Antony SALAU,New Caledonia,28, -
1339,Raphael SERRECOMBE,New Caledonia,26, -
1340,Patrick SOULIER,New Caledonia,24, -
1341,Quentin VIVIER,New Caledonia,27, -
1342,Clément TREMBLAIS,New Caledonia,29, -
1343,Clelie LEROUX,New Caledonia,23, -
1344,Jean Pierre DUBAIN,New Caledonia,22, -
1345,Nina PAVON SALTOS,New Caledonia,19, -
1346,Sacha LEHMANN,New Caledonia,21, -
1347,Malo GREZARD,New Caledonia,21, -
1348,Lucrèce DELAUNAY BELLEVILLE,New Caledonia,22, -
1349,Emma LARTHOMAS,New Caledonia,21, -
1350,Noan LEBOUDEC,New Caledonia,21, -
1351,Kim BEAUVAIS,New Caledonia,21, -
1352,Teva NOSMAS,New Caledonia,21, -
1353,Elliot CAILLET,New Caledonia,22, -
1354,Tomy PAPIN,New Caledonia,21, -
1355,Loan MAILLARD,New Caledonia,26, -
1356,Yann LECLERC DE LANNOY,New Caledonia,25, -
1357,Eymerich MEYA,New Caledonia,35, -
1358,Jonathan LILLE,New Caledonia,26, -
1359,Jacques LARTHOMAS,New Caledonia,54, -
1360,Teddy DASSONVILLE,New Caledonia,29, -
1361,Cyril DUTHEIL,New Caledonia,37, -
1362,Aleksandr SHORIKOV,EST,35, -
1363,Maksim LIND,EST,31, -
1364,Anna KRAJUSHKINA,EST,29, -
1365,Rasmus HÜDSI,EST,32, -
1366,Wan Tong LOK,MAC,31, -
1367,Zhimei XU,MAC,33, -
1368,Wan I LO,MAC,32, -
1369,Man Wai LIO,MAC,39, -
1370,Pak Chi SOU,MAC,29, -
1371,Falco FILOTTO,BOT,34, -
1372,Veronique GOSSELIN,BOT,39, -
1373,Abdulla ALDOSERI,BRU,39, -
1374,Channy CHO,CAM,28, -
1375,Pisey YIN,CAM,27, -
1376,Danuna TILLAKARATNE,SRI,44, -
1377,Reshmin Mihin AMARASINGHE,SRI,44, -
1378,Elena CHOUMILOVA,RUS,-, -
1379,Myriam MOTTEAU,FRA,-, -
1380,Claire BELL,GBR,-, -
1381,Ingela NILSSON,SWE,-, -
1382,Delphine MARTIN,FRA,-, -
1383,Ina DZHAMBAZOVA,BUL,-, -
1384,Chloé MINORET,FRA,-, -
1385,Vasiliki ZANTZOU,GRE,-, -
1386,Katherine SCHIRRMACHER,GBR,-, -
1387,Delphine CHENEVIER PIGNEUR,FRA,-, -
1388,Petia Gueorguieva IVANOVA,BUL,-, -
1389,Tzveta Konstantin KOJOUHAROVA,BUL,-, -
1390,Romana SAVIC,SLO,-, -
1391,Pedro PONS,ESP,-, -
1392,Christian CORE,ITA,-, -
1393,François PETIT,FRA,-, -
1394,Salavat RAKHMETOV,RUS,44, -
1395,Frédéric TUSCAN,FRA,-, -
1396,Daniel ANDRADA JIMENEZ,ESP,-, -
1397,Mathieu DUTRAY,FRA,-, -
1398,Boyco MARINOV,BUL,-, -
1399,Alexandre CHABOT,FRA,-, -
1400,Ludovic LAURENCE,FRA,-, -
1401,Cristian BRENNA,ITA,-, -
1402,Damien JEANDENAND,FRA,-, -
1403,Riccardo SCARIAN,ITA,-, -
1404,Todor DJAMBAZOV,BUL,-, -
1405,Benjamin FELGEROLLE,FRA,-, -
1406,Timmy FAIRFIELD,CAN,-, -
1407,Jean Luc DANIS,FRA,-, -
1408,Athanasios HTENAS,GRE,-, -
1409,Zoran PEJKOVSKI,MKD,-, -
1410,Spiridon GEZERLIS,GRE,-, -
1411,Goran KUZMANOVSKI,MKD,-, -
1412,Martin TRAJKOVSKI,MKD,-, -
1413,Vera KOTASOVA-KOSTRUHOVA,CZE,-, -
1414,Kim ANTHONI,BEL,-, -
1415,Martina CUFAR,SLO,-, -
1416,Estelle PARDO,FRA,-, -
1417,Isabelle ROCHE,FRA,-, -
1418,Soléne RYO,FRA,-, -
1419,Sophie HEURTEAUX,FRA,-, -
1420,Vanessa TAYLOR,FRA,-, -
1421,Mélaine RUBIO,FRA,-, -
1422,Monica ZEILEMAKER,NED,-, -
1423,Audrey RAMIS,FRA,-, -
1424,Myrtille GUIGUET,FRA,-, -
1425,Mirella FRATI,ITA,-, -
1426,Hoshiko NAGAKAI,JPN,-, -
1427,Juliette DESCHAMPS,FRA,-, -
1428,Laurence DOULAT,FRA,-, -
1429,Florence GAS,FRA,-, -
1430,Valérie CHAUVET,FRA,-, -
1431,Lucio GIUDICI,ITA,-, -
1432,Julien MERAL,FRA,-, -
1433,François AUCLAIR,FRA,-, -
1434,Rafael CABANE,FRA,-, -
1435,Gabriel PONT,FRA,-, -
1436,Frédéric NOE,FRA,-, -
1437,Yohann DARD,FRA,-, -
1438,Laurent LAGARIGUES,FRA,-, -
1439,Pierre HARBOURG,FRA,-, -
1440,Nicolas PINIER,FRA,-, -
1441,Jean Baptiste JOURJON,FRA,-, -
1442,Benoit SABTHIER,FRA,-, -
1443,Jonathan PHILIPPE,FRA,-, -
1444,Radovah SOUCEK,CZE,-, -
1445,Emmanuel LAURENCE,FRA,-, -
1446,Luc DAURES,FRA,-, -
1447,Laurent BOUDIER,FRA,-, -
1448,Alexandre BRECHET,FRA,-, -
1449,Laurent FILOCHE,FRA,-, -
1450,Marco BUSSU,ITA,-, -
1451,Gael GUENNEBAUD,FRA,-, -
1452,Sylvain MALLET,FRA,-, -
1453,Arnaud BOULET,FRA,-, -
1454,Elliot BLOCH,USA,-, -
1455,Daniele TAVOLA,ITA,-, -
1456,Jérome LOUVET,FRA,-, -
1457,Jimmy AUNET,FRA,-, -
1458,Stéphanie BODET,FRA,-, -
1459,Liv SANSOZ,FRA,-, -
1460,Natalia NOVIKOVA,RUS,-, -
1461,Renata PISZCZEK,POL,-, -
1462,Annatina SCHULTZ,SUI,-, -
1463,Eva TUSAR,SLO,-, -
1464,Alexandra EYER,SUI,-, -
1465,Josune BERECIARTU URRUZOLA,ESP,-, -
1466,Isabelle BIHR,FRA,-, -
1467,Iwona GRONKIEWICZ-MARCISZ,POL,-, -
1468,Cécile MARTHA,FRA,-, -
1469,Elena OVTCHINNIKOVA,USA,-, -
1470,Carole PETRIGNET,FRA,-, -
1471,Olena KRYVONIS,UKR,-, -
1472,Gerda RAFFETSEDER,AUT,-, -
1473,Lenka TRNKOVA,CZE,-, -
1474,Stéphanie LOUIS,SUI,-, -
1475,Irina ROUIGA,RUS,-, -
1476,Sylvie NAGYOVA,CZE,-, -
1477,Rebecca ALLEN,GBR,-, -
1478,Luisa IOVANE,ITA,-, -
1479,Rie KIMURA,JPN,-, -
1480,Katarina CINTALOVA,SVK,-, -
1481,Zuzana CINTALOVA,SVK,-, -
1482,Esther CRUZ MONTALBAN,ESP,-, -
1483,Berta MARTIN SANCHO,ESP,-, -
1484,Anne ARRAN,GBR,-, -
1485,Helene Belle LASZLO,NOR,-, -
1486,Marianne BLOM BRODERSEN,NOR,-, -
1487,Abigail MAY,GBR,-, -
1488,Ulla WALDER,ITA,-, -
1489,Linn Karin STENDAL,NOR,-, -
1490,Lou WALLIN,SWE,-, -
1491,Sasa TRUDEN,SLO,-, -
1492,Giulia GIAMMARCO,ITA,-, -
1493,Claire SARRE,FRA,-, -
1494,Zosia PODGORBOUNSKIKH,RUS,-, -
1495,Ruth PLANNELS,ESP,-, -
1496,Sandrine VAN LANDEGHEM,FRA,-, -
1497,Nuria MARTI,ESP,-, -
1498,Veronique BATOUX,FRA,-, -
1499,Alexandra GONTCHAR,RUS,-, -
1500,Natalia MINAEVA,RUS,-, -
1501,Marina MALAMID,RUS,-, -
1502,Olga ZAKHAROVA,UKR,-, -
1503,Bernardino LAGNI,ITA,-, -
1504,Maksym PETRENKO,UKR,-, -
1505,Yevgen KRYVOSHEYTSEV,UKR,-, -
1506,Simon FASNACHT WANDELER,SUI,49, -
1507,Paul DEWILDE,FRA,53, -
1508,Mikhail UMNITSYN,RUS,-, -
1509,David CAUDE,FRA,-, -
1510,Tomasz OLEKSY,POL,47, -
1511,Matej SOVA,SLO,-, -
1512,Peter BOSMA,SWE,-, -
1513,Igor GUSAK,UKR,-, -
1514,Casper TEN SIJTHOFF,NED,-, -
1515,Christian BINDHAMMER,GER,-, -
1516,Vadim VINOKUR,USA,-, -
1517,Marek HAVLIK,CZE,-, -
1518,Yannick BERGER,FRA,-, -
1519,Luigi BILLORO,ITA,-, -
1520,Martin FELIX,SUI,-, -
1521,Tomaz VALJAVEC,SLO,-, -
1522,François LEGRAND,FRA,54, -
1523,Urs SCHÖNENBERGER,SUI,-, -
1524,Marek REPCIK,SVK,-, -
1525,Luka ZAZVONIL,SLO,-, -
1526,Andreas BINDHAMMER,GER,-, -
1527,Marcin WROBEL,POL,-, -
1528,Thomas ACHERMANN,SUI,-, -
1529,Iouri DOULOUB,RUS,-, -
1530,Reinhard FICHTINGER,AUT,-, -
1531,Aljosa GROM,SLO,-, -
1532,Radim NOSEK,CZE,-, -
1533,Said BELHAJ,SWE,-, -
1534,Arnaud CEINTRE,FRA,-, -
1535,Rene GUTMAN,AUT,-, -
1536,Richard BINGHAM,GBR,-, -
1537,Guy DIXON,GBR,-, -
1538,Ferdinand SCHULTE,NED,-, -
1539,Atsushi SAGA,JPN,-, -
1540,Lukasz MÜLLER,POL,-, -
1541,Jan Fredrick PRYTZ,NOR,-, -
1542,Dan ARCHAMBAULT,CAN,-, -
1543,Stefan PETTERSON,SWE,-, -
1544,Max BOHOLM,SWE,-, -
1545,Anders LANZ,SWE,-, -
1546,Vegard AKSNES,NOR,-, -
1547,Serguei NOURMAMATOV,RUS,-, -
1548,Igor PILIOUGINE,RUS,-, -
1549,Petro MARKEVYCH,UKR,-, -
1550,Dennis TEIJSSE,NED,-, -
1551,Raphaël LACHAT,SUI,-, -
1552,Neil TRAVERS,GBR,-, -
1553,Joseba SAIZ,ESP,-, -
1554,Stuart LITTLEFAIR,GBR,-, -
1555,Arpad CSEKO,HUN,-, -
1556,Paul MAY,USA,-, -
1557,Alexandre KOVALEVSKJ,RUS,-, -
1558,Bernhard FIEDLER,AUT,-, -
1559,Alexandre CHAOULSKY,RUS,-, -
1560,Iakov SOUBBOTINE,RUS,-, -
1561,Vladimir ZAKHAROV,UKR,-, -
1562,Vladislav BARANOV,RUS,-, -
1563,Alexei GADEEV,RUS,-, -
1564,Alexandre SERGEYEV (LIACHENKO),RUS,-, -
1565,Leire AGUIRRE,ESP,-, -
1566,Tanja BAUER,GER,-, -
1567,Nicola HAAGER,GER,-, -
1568,Lisa LAGE,USA,-, -
1569,Elodie GIROUX,FRA,-, -
1570,Yolanda SWIERSTRA,NED,-, -
1571,Kazumi WATATUKI,JPN,-, -
1572,Evgeny OVCHINNIKOV,RUS,-, -
1573,Karsten BOROWKA,GER,-, -
1574,Thorsten NEUHAUS,GER,-, -
1575,Christian BENK,GER,-, -
1576,Diego LAMPUGNANI,SUI,-, -
1577,Marko ROZMAN,CRO,-, -
1578,Theodoros KONSTANDAKOPULOS,GER,-, -
1579,Robin MISSON,FRA,-, -
1580,Akiko OOIWA,JPN,-, -
1581,Céline HURTADO,FRA,-, -
1582,Annika BERGQVIST,SWE,-, -
1583,Hiroshi OKANO,JPN,-, -
1584,Jérome CECCALDI,FRA,-, -
1585,Olivier CHAU-UHU,FRA,-, -
1586,Vincent DE GIROLAMO,FRA,-, -
1587,Yuri GADENZ,ITA,-, -
1588,Hugo ALLARD,FRA,-, -
1589,Daniel AFONSO,FRA,-, -
1590,Jocelyn LOUBRIAT,FRA,-, -
1591,Oleg MOROZKINE,RUS,-, -
1592,Claudia SALVADORI,ITA,-, -
1593,Sara PERENZONI,ITA,-, -
1594,Chris SHARMA,USA,-, -
1595,Stefano GHIDINI,ITA,-, -
1596,Matteo BRESCIANI,ITA,-, -
1597,Attilio MUNARI,ITA,-, -
1598,Nastja GUZZI,SLO,-, -
1599,Barbara SCHRANZ,AUT,-, -
1600,Akiko WATAHIKI,JPN,-, -
1601,Jenny FÖRANDER,SWE,-, -
1602,Emma HAWKE,NZL,-, -
1603,Eleonora VAN DER PUTTEN,NED,-, -
1604,Steve MC CLURE,GBR,-, -
1605,Dai KOYAMADA,JPN,-, -
1606,Clément CHABAUD,FRA,-, -
1607,Davide ZAVAGNIN,ITA,-, -
1608,Giacomo COMINOTTI,ITA,-, -
1609,Matthias SCHMIDL,ITA,-, -
1610,Yannick LEGRAND,FRA,-, -
1611,Mathias SCHIESTL,AUT,-, -
1612,Patrick COENEN,NED,-, -
1613,Matthias TROTTMANN,SUI,-, -
1614,Olaw MAINARDI,ITA,-, -
1615,Elsa FONTANEZ,FRA,-, -
1616,Giovanna PASSERINI,ITA,-, -
1617,Hiu Ying LIU,HKG,-, -
1618,Fabien DUGIT,FRA,-, -
1619,Jörg ANDREAS,GER,-, -
1620,Aymeric CLOUET,FRA,-, -
1621,Marco NESCATELLI,ITA,-, -
1622,Tan BEN,SGP,-, -
1623,Bin Mohd Yusof MOHD YAZID,SGP,-, -
1624,Choo Hian YAM,SGP,-, -
1625,Sandr Van LANDEGHEM,FRA,-, -
1626,Bai-Le HUANG,TPE,-, -
1627,Emilie VERDIER,FRA,-, -
1628,Sarah LAGOFFUN,FRA,-, -
1629,Tam LAYCOCK,USA,-, -
1630,Olena OSTAPENKO,UKR,-, -
1631,Mariana ENE,ROU,-, -
1632,Julien LOSTE,FRA,-, -
1633,Pablo BARBERO ALFONSO,ESP,-, -
1634,Martin DECKER,GER,-, -
1635,Adam DEWHURST,GBR,-, -
1636,Pierre Eric GOUDAL,FRA,-, -
1637,Andres FAJARDO,COL,-, -
1638,Fréderic MAIK,FRA,-, -
1639,Jitka KUHNGABEROVA,CZE,-, -
1640,Jana OMAN,SLO,-, -
1641,Franci JENSTERLE,SLO,-, -
1642,Ales STROJAN,SLO,-, -
1643,Ivaylo KRASTEV,BUL,-, -
1644,Klemen BECAN,SLO,-, -
1645,Uros PERKO,SLO,-, -
1646,Tomas LUNDGREN,SWE,-, -
1647,Mi-Sun GO,KOR,-, -
1648,Marietta UHDEN,GER,-, -
1649,Hyun-Jung KIM,KOR,-, -
1650,Katrin SEDLMAYER,GER,-, -
1651,Damaris KNORR,GER,-, -
1652,Roman FELIX,SUI,-, -
1653,Myong-Hak KIM,KOR,-, -
1654,Matthias MÜLLER,SUI,-, -
1655,Sarah SEEGER,GER,-, -
1656,Katrin BRADY,GER,-, -
1657,Anton LAMPRECHT,GER,-, -
1658,Ingo WALDE,GER,-, -
1659,Sung-Shi KIM,KOR,-, -
1660,Joung-Mi KIM,KOR,-, -
1661,Dong-Sik KIM,KOR,-, -
1662,Kyu-Bog CHO,KOR,-, -
1663,Kseniia ALEKSEEVA,RUS,-, -
1664,Olga EVSTIGNEEVA,RUS,-, -
1665,Ekaterina BOYARSKIKH,RUS,-, -
1666,Sara MORANDI,ITA,-, -
1667,Olena SHEREMETYEVA,UKR,-, -
1668,Oleksandra BUD GUSAIM,UKR,-, -
1669,Anastasiya SAVISKO,UKR,-, -
1670,Jessica MORANDI,ITA,-, -
1671,Anna KOLOKOVSKA,UKR,-, -
1672,Ivan NOVIKOV,RUS,-, -
1673,Lukasz SWIRK,POL,-, -
1674,Maksym OSIPOV,UKR,-, -
1675,Oleksiy YURKO,UKR,-, -
1676,Josmar NIEVES,VEN,-, -
1677,Jakub POCIECHA,POL,-, -
1678,Hubert STYLA,POL,-, -
1679,Bence GÁL,HUN,-, -
1680,Máté GÁL,HUN,-, -
1681,Salah BOULBAHAIEM,BEL,-, -
1682,Gyula JUHASZ,HUN,-, -
1683,Alex JOHNSON,USA,-, -
1684,Olga SHALAGINA,UKR,-, -
1685,Maud ANSADE,FRA,-, -
1686,Alexandra BALAKIREVA,RUS,-, -
1687,Samantha BERRY,AUS,-, -
1688,Manon CHAPET,FRA,-, -
1689,Anna GALLYAMOVA,RUS,-, -
1690,Magali HAYEN,BEL,-, -
1691,Diane MERRICK,GBR,-, -
1692,Manuela SIGRIST,SUI,-, -
1693,Malin HOLMBERG,SWE,-, -
1694,Channah BRANDSEMA,NED,-, -
1695,Zoë MAIRE,SUI,-, -
1696,Marine DELPIERRE,FRA,-, -
1697,Morgane AVELINE,FRA,-, -
1698,Claudia BATTAGLIA,ITA,-, -
1699,Egle KIRDULYTE,LTU,-, -
1700,Elena CHIAPPA,ITA,-, -
1701,Loïc GAIDIOZ,FRA,-, -
1702,Stewart WATSON,GBR,-, -
1703,Remo SOMMER,SUI,-, -
1704,Mykhaylo SHALAGIN,UKR,44, -
1705,Markus HOPPE,GER,-, -
1706,Lucas PRETI,ITA,-, -
1707,Antoine VANDEPUTTE,FRA,-, -
1708,Michele CAMINATI,ITA,-, -
1709,Francois KAISER,FRA,-, -
1710,Olivier LEBRETON,FRA,-, -
1711,Akito MATSUSHIMA,JPN,-, -
1712,Baptiste NOMINE,FRA,-, -
1713,Philippe ALLENSPACH,SUI,-, -
1714,Fabien COMINA,FRA,-, -
1715,Martin JAGGI,SUI,-, -
1716,Stanislav KLESHNOV,UKR,41, -
1717,Bruno MACIAS MATUTANO,ESP,-, -
1718,Benoit HEINTZ,FRA,-, -
1719,Zach LERNER,USA,-, -
1720,Emanuel MOOSBURGER,AUT,-, -
1721,Niccolo' CERIA,ITA,-, -
1722,Luca BALTENSPERGER,SUI,-, -
1723,Jure BECAN,SLO,-, -
1724,Jonathan PARTRIDGE,GBR,-, -
1725,Geir SÖDERIN,SWE,-, -
1726,Bruno VACKA,CRO,-, -
1727,Bastien GERLAND,FRA,-, -
1728,Athanasios CHTENAS,GRE,-, -
1729,Ondrej SVUB,SVK,-, -
1730,Jacopo LARCHER,ITA,-, -
1731,Ignacio SANCHEZ GONZÁLEZ,ESP,-, -
1732,Didier HOARAU,FRA,-, -
1733,Adam JEEWOOTH,GBR,-, -
1734,Marc EDWARDS,AUS,-, -
1735,Ondrej NEVELIK,CZE,-, -
1736,Jakub KOVACIK,SVK,-, -
1737,Mikhail GOGOL,RUS,-, -
1738,Matej SVUB,SVK,-, -
1739,Bogdan MICU,ROU,-, -
1740,Theodoros KONSTANTAKOPOULOS,GRE,-, -
1741,Adrian MARGEA,ROU,-, -
1742,Thirza CARPENTER,CAN,-, -
1743,Mirka KRAJCIOVA,SVK,-, -
1744,Szilvia VARGA,HUN,-, -
1745,Radka PETKOVA,BUL,-, -
1746,Edward FEEHALLY,GBR,-, -
1747,Blagovest LAZAROV,BUL,-, -
1748,Joakim BERGLUND,SWE,-, -
1749,Juraj REPAN,SVK,-, -
1750,Peter PUTZ,AUT,-, -
1751,Vitalii LAGUTIN,UKR,-, -
1752,Daniel ANDERSSON,SWE,-, -
1753,Matus KOSTKA,SVK,-, -
1754,Stefan AVRAMOV,BUL,-, -
1755,Laurenz RUDIGIER,AUT,-, -
1756,István ÁGH,HUN,-, -
1757,Arian BOSZOTTA,AUT,35, -
1758,Francesca METCALF,USA,-, -
1759,Audrey GAWRYCH,USA,-, -
1760,Chauncenia COX,USA,-, -
1761,Amanda BEREZOWSKI,CAN,-, -
1762,Isabelle FAUS,USA,-, -
1763,Taylor CLARKIN,USA,-, -
1764,Amy LIPSCHULTZ,USA,-, -
1765,Holly REID,CAN,-, -
1766,Selena WONG,CAN,-, -
1767,Paul ROBINSON,USA,-, -
1768,Robert D'ANASTASIO,USA,-, -
1769,Gabor SZEKELY,HUN,-, -
1770,Shinpei HASEGAWA,JPN,-, -
1771,Adam MARKERT,USA,-, -
1772,Christopher WEBB-PARSONS,AUS,-, -
1773,Ryan OLSON,USA,-, -
1774,Nicolas SHERMAN CUEVO,COL,-, -
1775,Terry PAHOLEK,CAN,-, -
1776,Yves GRAVELLE,CAN,-, -
1777,Alex JOHNSON,USA,-, -
1778,Ian DORY,USA,-, -
1779,Dustin CURTIS,CAN,-, -
1780,Felipe CAMARGO,BRA,-, -
1781,Tash Clemens ZIELINSKI,CAN,-, -
1782,Fumihiro OYAMA,JPN,-, -
1783,Carlos Augusto GOUVEIA,BRA,-, -
1784,Justin JONES,CAN,-, -
1785,Olga MOROZKINA,RUS,-, -
1786,Larysa MALYZHENKAVA,BLR,-, -
1787,Maria BELOMESTNOVA,RUS,-, -
1788,Olga KULISH,UKR,-, -
1789,Ksenia SDOBNIKOVA,RUS,-, -
1790,Alena DEMKO,BLR,-, -
1791,Anna MYLNIKOVA,RUS,-, -
1792,Ivan KAUROV,RUS,-, -
1793,Sergei SHAFEROV,BLR,-, -
1794,Victor KOZLOV,RUS,-, -
1795,Alexandr NIKOLAEV,RUS,-, -
1796,Andrei NIKIFARAVETS,BLR,49, -
1797,Vladimir MUSICH,RUS,-, -
1798,Konstantin SAVELYEV,RUS,-, -
1799,Kirill DYAKONOV,RUS,-, -
1800,Yegor MATVEENKO,RUS,-, -
1801,Sergey IVANOV,RUS,-, -
1802,Denis ZHENDINSKIY,KAZ,40, -
1803,Evgeniy CHERNYSHEV,RUS,-, -
1804,Artem GALUSHKO,RUS,-, -
1805,Jiacuo SUOLANG,CHN,-, -
1806,Alexey ILIN,RUS,-, -
1807,Alexander MASLOV,RUS,-, -
1808,Alexander VASILETS,BLR,-, -
1809,Dmitry SARAPAEV,RUS,-, -
1810,Zufar NIGMANOV,RUS,-, -
1811,Vaginak SIREKANYAN,RUS,-, -
1812,Evgeny ASTASHKIN,RUS,-, -
1813,Valeriy VOROBYEV,RUS,-, -
1814,Pavlo FOYGEL,UKR,-, -
1815,Yaroslav TOPAL,UKR,-, -
1816,Egor SKACHKOV,RUS,-, -
1817,Alexey ERIKOV,RUS,-, -
1818,Sergey SOKOLOV,RUS,32, -
1819,Rachel NILWIK,NED,39, -
1820,Marianne VERHAGE,NED,-, -
1821,Roelien VAN DE VRIE,NED,-, -
1822,Marianne VAN DER STEEN,NED,-, -
1823,Tomas Midtun TOBIASSEN,NOR,-, -
1824,Dirk MOL,NED,-, -
1825,Olivier MIGNON,BEL,-, -
1826,Hans BUSKER,NED,-, -
1827,Pim CATTENSTART,NED,-, -
1828,Truong NGO,NED,-, -
1829,Benjamin VIBERG,DEN,-, -
1830,Katy PIDDOCK,GBR,-, -
1831,Helen HALDENBY,GBR,-, -
1832,Gareth PARRY,GBR,-, -
1833,Kevin LOPATA,FRA,-, -
1834,Mark CROXALL,GBR,-, -
1835,James GARDEN,GBR,-, -
1836,Nigel CALLENDER,IRL,-, -
1837,Keith BRADBURY,GBR,-, -
1838,Andrew POST,CAN,-, -
1839,Sara AVOSCAN,ITA,-, -
1840,Julia SERRIÈRE,FRA,-, -
1841,Mariya NIKOLAEVA,RUS,-, -
1842,Woon-Seon SHIN,KOR,-, -
1843,Mathilde BRUMAGNE,BEL,-, -
1844,Florence PINET,FRA,-, -
1845,Amanda ROHNER,SUI,-, -
1846,Stephanie TRABER,FRA,-, -
1847,Kinga OCIEPKA,POL,-, -
1848,Helena ALEMAN SOBRINO,ESP,-, -
1849,Asja GOSAR,SLO,-, -
1850,Agata MODRZEJEWSKA,POL,-, -
1851,Luisa DEUBZER,GER,-, -
1852,Jessica FAURE,FRA,-, -
1853,Irati ANDA VILLANUEVA,ESP,-, -
1854,Soho LANGBEHN,CHI,-, -
1855,Barbara BÜSCHLEN,SUI,-, -
1856,Julie MICHELARD,FRA,-, -
1857,Marie DA SILVA TORTOSA,FRA,-, -
1858,Adeline BONNACORSI,FRA,-, -
1859,Malgorzata RUDZINSKA,POL,-, -
1860,Alexander KALINA,RUS,-, -
1861,Shinta OZAWA,JPN,-, -
1862,Fabrice LANDRY,FRA,-, -
1863,Kevin AGLAE,FRA,-, -
1864,Kazuma WATANABE,JPN,-, -
1865,Stanislav POPLAVSKIY,RUS,-, -
1866,Gabriel JOSSERON,FRA,-, -
1867,Tatsumi NITTA,JPN,-, -
1868,Jesus Alberto GONZALEZ ABARCA,CHI,-, -
1869,Daisuke KONISHI,JPN,-, -
1870,Daniel MORENO DE LOS HUERTO,ESP,-, -
1871,Erik GRANDELIUS,SWE,-, -
1872,Lukas KÖB,AUT,-, -
1873,Rudi MORODER,ITA,-, -
1874,Reinaldo CAMACHO,VEN,-, -
1875,Nicola DE MATTIA,ITA,-, -
1876,Filip BABICZ,POL,-, -
1877,Silvio REFFO,ITA,-, -
1878,Thibaut MAURON,SUI,-, -
1879,Andres QUINTEROS,ECU,-, -
1880,Yoann LE COUSTER,FRA,-, -
1881,Emilien JOBERT,FRA,-, -
1882,Joakim EL ANHARI,FRA,-, -
1883,Vincent CHAVOT,FRA,-, -
1884,Michel SIROTTI,ITA,-, -
1885,Clement CAILLEUX,FRA,30, -
1886,Baptiste MICHAUX,FRA,-, -
1887,Matilda SÖDERLUND,SWE,32, -
1888,Alisa GEL'FER,UKR,-, -
1889,Katherine MILLS,GBR,-, -
1890,Isabell HAAG,GER,-, -
1891,Magnus HÖGSTRÖM,SWE,-, -
1892,David SATANEK,SVK,-, -
1893,Silviu CORCIOVEI,ROU,-, -
1894,Björn STRÖMBERG,SWE,39, -
1895,Dejan VALEK,SRB,-, -
1896,Maximilian PORSCHA,GER,-, -
1897,Florian BÖBEL,GER,-, -
1898,Gianluca SIROTTI,ITA,-, -
1899,Jan MODRZEJEWSKI,POL,-, -
1900,Sarah SCHÜTZENBERGER,GER,-, -
1901,Elena BRUNNER,AUT,-, -
1902,Samuel ADOLPH,GER,-, -
1903,Peter WÜRTH,GER,-, -
1904,Christian FEISTMANTL,AUT,-, -
1905,Franz SCHMIDTLEIN,GER,-, -
1906,Francesco CARTA,ITA,-, -
1907,Imashi HASHIMOTO,JPN,-, -
1908,Markus GRÜNEBACH,GER,-, -
1909,Chunhua LI,CHN,-, -
1910,Xiaotong GUAN,CHN,-, -
1911,Yang WANG,CHN,-, -
1912,Weiling YANG,CHN,-, -
1913,Wangmu GESANG,CHN,-, -
1914,Changzhong LIU,CHN,-, -
1915,Hiroki TSUNODA,JPN,-, -
1916,Xiangyang YE,CHN,-, -
1917,Yuhang ZHANG,CHN,-, -
1918,Azumi IIDA,JPN,-, -
1919,Yuko SAKAKIBARA,JPN,-, -
1920,Youn A KIM,KOR,34, -
1921,Minyoung HA,KOR,-, -
1922,Sarah GILMOUR,NZL,-, -
1923,Younghee KIM,KOR,-, -
1924,Amanda SPEED,NZL,31, -
1925,Hyojung KIM,KOR,-, -
1926,Eunjoung YANG,KOR,-, -
